id,postcode,latitude,longitude
2,AB10,57.13514,-2.11731
3,AB11,57.13875,-2.09089
4,AB12,57.10100,-2.11060
5,AB13,57.10801,-2.23776
6,AB14,57.10076,-2.27073
7,AB15,57.13868,-2.16525
8,AB16,57.16115,-2.15543
9,AB21,57.20960,-2.20033
10,AB22,57.18724,-2.11913
11,AB23,57.21242,-2.08776
12,AB24,57.16284,-2.11228
13,AB25,57.15311,-2.11241
14,AB30,56.84678,-2.47712
15,AB31,57.07479,-2.52623
16,AB32,57.15545,-2.31742
17,AB33,57.22464,-2.74203
18,AB34,57.09393,-2.81204
19,AB35,57.03829,-3.14869
20,AB36,57.19715,-3.06589
21,AB37,57.33098,-3.35051
22,AB38,57.48589,-3.22610
23,AB39,56.97778,-2.21718
24,AB41,57.37592,-2.10478
25,AB42,57.50079,-1.88819
26,AB43,57.65714,-2.04358
27,AB44,57.66877,-2.49122
28,AB45,57.65139,-2.56639
29,AB51,57.28907,-2.40485
30,AB52,57.34396,-2.60651
31,AB53,57.52537,-2.39410
32,AB54,57.45361,-2.76333
33,AB55,57.52390,-2.99024
34,AB56,57.67442,-2.92559
35,AL1,51.74836,-0.32237
36,AL10,51.75958,-0.22920
37,AL2,51.72064,-0.33353
38,AL3,51.77781,-0.37057
39,AL4,51.77133,-0.29398
40,AL5,51.81622,-0.35177
41,AL6,51.83104,-0.19737
42,AL7,51.79669,-0.18569
43,AL8,51.80334,-0.20863
44,AL9,51.74472,-0.19791
45,B1,52.47872,-1.90723
46,B10,52.46967,-1.85130
47,B11,52.45440,-1.85871
48,B12,52.45982,-1.88225
49,B13,52.43644,-1.87790
50,B14,52.41757,-1.88824
51,B15,52.46615,-1.92345
52,B16,52.47604,-1.93374
53,B17,52.46077,-1.96026
54,B18,52.49132,-1.92341
55,B19,52.49670,-1.90425
56,B2,52.47871,-1.89692
57,B20,52.51379,-1.91747
58,B21,52.50661,-1.93959
59,B23,52.52812,-1.85405
60,B24,52.51909,-1.82755
61,B25,52.46513,-1.82040
62,B26,52.46059,-1.78951
63,B27,52.44446,-1.82196
64,B28,52.42650,-1.84115
65,B29,52.43739,-1.94704
66,B3,52.48051,-1.90134
67,B30,52.42209,-1.92794
68,B31,52.40772,-1.97207
69,B32,52.44819,-1.99264
70,B33,52.48036,-1.78647
71,B34,52.49564,-1.78051
72,B35,52.51903,-1.78776
73,B36,52.50373,-1.77899
74,B37,52.47847,-1.74083
75,B38,52.39962,-1.93385
76,B4,52.48231,-1.89397
77,B40,52.45865,-1.72181
78,B42,52.53357,-1.91154
79,B43,52.54797,-1.92921
80,B44,52.54523,-1.88349
81,B45,52.38795,-2.00882
82,B46,52.50803,-1.69351
83,B47,52.38699,-1.87950
84,B48,52.35557,-1.94860
85,B49,52.21704,-1.86679
86,B5,52.46972,-1.89547
87,B50,52.16847,-1.85377
88,B6,52.50388,-1.88508
89,B60,52.32590,-2.04989
90,B61,52.34477,-2.06753
91,B62,52.45628,-2.03238
92,B63,52.45177,-2.06622
93,B64,52.47244,-2.06773
94,B65,52.48325,-2.04271
95,B66,52.49314,-1.96465
96,B67,52.48595,-1.97644
97,B68,52.47876,-2.00000
98,B69,52.50213,-2.02799
99,B7,52.49307,-1.87185
100,B70,52.52012,-2.00295
101,B71,52.53540,-1.98968
102,B72,52.55145,-1.82153
103,B73,52.55238,-1.84217
104,B74,52.58297,-1.85830
105,B75,52.57840,-1.80813
106,B76,52.54510,-1.78616
107,B77,52.61855,-1.66762
108,B78,52.60598,-1.67362
109,B79,52.65005,-1.68069
110,B8,52.49034,-1.84092
111,B80,52.27641,-1.89593
112,B9,52.47776,-1.84833
113,B90,52.40040,-1.82361
114,B91,52.41382,-1.78238
115,B92,52.43628,-1.77345
116,B93,52.38048,-1.74288
117,B94,52.35090,-1.79150
118,B95,52.28524,-1.78008
119,B96,52.25217,-1.96044
120,B97,52.29893,-1.95454
121,B98,52.30340,-1.91346
122,BA1,51.39109,-2.35934
123,BA10,51.11291,-2.44576
124,BA11,51.23652,-2.32519
125,BA12,51.17117,-2.18740
126,BA13,51.26201,-2.17917
127,BA14,51.31863,-2.20092
128,BA15,51.35088,-2.26425
129,BA16,51.12489,-2.74313
130,BA2,51.35957,-2.37633
131,BA20,50.93753,-2.64193
132,BA21,50.95107,-2.63358
133,BA22,50.96814,-2.63666
134,BA3,51.27468,-2.47313
135,BA4,51.17102,-2.53073
136,BA5,51.21266,-2.65291
137,BA6,51.14042,-2.70478
138,BA7,51.08833,-2.51835
139,BA8,50.99883,-2.41046
140,BA9,51.05729,-2.40955
141,BB1,53.75625,-2.46265
142,BB10,53.79919,-2.21865
143,BB11,53.78294,-2.25196
144,BB12,53.80353,-2.29005
145,BB18,53.91433,-2.17053
146,BB2,53.74171,-2.50039
147,BB3,53.69781,-2.46503
148,BB4,53.70376,-2.28936
149,BB5,53.75477,-2.37162
150,BB6,53.79238,-2.41598
151,BB7,53.87338,-2.38636
152,BB8,53.85771,-2.16270
153,BB9,53.83695,-2.21429
154,BD1,53.79554,-1.75252
155,BD10,53.83143,-1.72496
156,BD11,53.75131,-1.67543
157,BD12,53.74611,-1.76039
158,BD13,53.78582,-1.85883
159,BD14,53.78217,-1.81635
160,BD15,53.80917,-1.83597
161,BD16,53.84871,-1.83278
162,BD17,53.84681,-1.76742
163,BD18,53.83154,-1.77662
164,BD19,53.72713,-1.71200
165,BD2,53.81438,-1.73418
166,BD20,53.89646,-1.94673
167,BD21,53.86407,-1.90571
168,BD22,53.84522,-1.95288
169,BD23,53.99264,-2.05339
170,BD24,54.07773,-2.27361
171,BD3,53.79818,-1.72669
172,BD4,53.77569,-1.71773
173,BD5,53.77847,-1.75717
174,BD6,53.76414,-1.78305
175,BD7,53.78301,-1.78143
176,BD8,53.80099,-1.78134
177,BD9,53.81179,-1.78888
178,BH1,50.72427,-1.85973
179,BH10,50.75847,-1.89082
180,BH11,50.76119,-1.91634
181,BH12,50.73692,-1.92630
182,BH13,50.70993,-1.91785
183,BH14,50.72164,-1.94333
184,BH15,50.72165,-1.98442
185,BH16,50.73783,-2.04394
186,BH17,50.74593,-1.97449
187,BH18,50.75853,-1.99291
188,BH19,50.61102,-1.96890
189,BH2,50.72159,-1.88099
190,BH20,50.68648,-2.14582
191,BH21,50.81248,-1.97303
192,BH22,50.80524,-1.88787
193,BH23,50.74567,-1.75335
194,BH24,50.84377,-1.78551
195,BH25,50.75173,-1.65692
196,BH3,50.73508,-1.87954
197,BH31,50.87537,-1.87207
198,BH4,50.72071,-1.89799
199,BH5,50.72513,-1.83422
200,BH6,50.72688,-1.80446
201,BH7,50.73502,-1.83135
202,BH8,50.74044,-1.85118
203,BH9,50.74946,-1.87100
204,BL0,53.64526,-2.31468
205,BL1,53.59002,-2.44421
206,BL2,53.58749,-2.39432
207,BL3,53.56489,-2.43186
208,BL4,53.54702,-2.39999
209,BL5,53.54928,-2.51473
210,BL6,53.59142,-2.53941
211,BL7,53.62965,-2.42194
212,BL8,53.60478,-2.32647
213,BL9,53.59140,-2.28557
214,BN1,50.83900,-0.13786
215,BN10,50.79530,0.00232
216,BN11,50.81288,-0.37599
217,BN12,50.81354,-0.42423
218,BN13,50.83037,-0.40521
219,BN14,50.83181,-0.37959
220,BN15,50.83013,-0.32426
221,BN16,50.81446,-0.49377
222,BN17,50.81408,-0.53495
223,BN18,50.84881,-0.57933
224,BN2,50.82405,-0.10296
225,BN20,50.77449,0.25536
226,BN21,50.77228,0.27653
227,BN22,50.78832,0.28440
228,BN23,50.79764,0.31325
229,BN24,50.81618,0.33120
230,BN25,50.77633,0.10932
231,BN26,50.82098,0.22352
232,BN27,50.87146,0.26430
233,BN3,50.83419,-0.17498
234,BN41,50.84020,-0.21452
235,BN42,50.83686,-0.23169
236,BN43,50.83557,-0.26583
237,BN44,50.89036,-0.32210
238,BN45,50.88920,-0.18421
239,BN5,50.92645,-0.26815
240,BN6,50.92918,-0.15276
241,BN7,50.87719,0.00014
242,BN8,50.91318,0.05148
243,BN9,50.79536,0.05058
244,BR1,51.41107,0.02192
245,BR2,51.38858,0.02237
246,BR3,51.40297,-0.03020
247,BR4,51.37559,-0.00695
248,BR5,51.38983,0.10436
249,BR6,51.36575,0.09320
250,BR7,51.41019,0.07222
251,BR8,51.39751,0.17660
252,BS1,51.45309,-2.59300
253,BS10,51.50606,-2.60954
254,BS11,51.49672,-2.67425
255,BS13,51.41163,-2.61116
256,BS14,51.41278,-2.56084
257,BS15,51.45890,-2.50527
258,BS16,51.48496,-2.50988
259,BS2,51.45945,-2.58013
260,BS20,51.47916,-2.75176
261,BS21,51.43443,-2.84886
262,BS22,51.36008,-2.92936
263,BS23,51.34266,-2.97065
264,BS24,51.32769,-2.93158
265,BS25,51.32039,-2.82522
266,BS26,51.27971,-2.85461
267,BS27,51.27131,-2.76987
268,BS28,51.22515,-2.81349
269,BS29,51.33081,-2.87709
270,BS3,51.43776,-2.60144
271,BS30,51.44465,-2.47201
272,BS31,51.40770,-2.49176
273,BS32,51.54228,-2.55955
274,BS34,51.52338,-2.56364
275,BS35,51.59629,-2.54866
276,BS36,51.52553,-2.48582
277,BS37,51.53928,-2.41675
278,BS39,51.32749,-2.53109
279,BS4,51.43437,-2.56111
280,BS40,51.34644,-2.69071
281,BS41,51.42221,-2.65158
282,BS48,51.42523,-2.74800
283,BS49,51.37980,-2.81767
284,BS5,51.46140,-2.54992
285,BS6,51.47015,-2.59898
286,BS7,51.48643,-2.58047
287,BS8,51.45745,-2.62041
288,BS9,51.48710,-2.62513
289,BS99,51.45769,-2.57291
290,BT1,54.59941,-5.92838
291,BT10,54.55983,-5.98338
292,BT11,54.57556,-5.99730
293,BT12,54.59223,-5.95557
294,BT13,54.60563,-5.95842
295,BT14,54.62082,-5.96144
296,BT15,54.62362,-5.93071
297,BT16,54.59100,-5.79746
298,BT17,54.55423,-6.01688
299,BT18,54.64154,-5.82079
300,BT19,54.65170,-5.66663
301,BT2,54.59309,-5.92932
302,BT20,54.65808,-5.66410
303,BT21,54.63826,-5.54448
304,BT22,54.50320,-5.51886
305,BT23,54.56301,-5.71437
306,BT24,54.41683,-5.87232
307,BT25,54.39545,-6.11078
308,BT26,54.45201,-6.06088
309,BT27,54.51004,-6.02027
310,BT28,54.52305,-6.08804
311,BT29,54.62018,-6.19390
312,BT3,54.61999,-5.90401
313,BT30,54.33396,-5.70444
314,BT31,54.27783,-5.96992
315,BT32,54.33502,-6.24483
316,BT33,54.22095,-5.89385
317,BT34,54.15466,-6.18034
318,BT35,54.16501,-6.44355
319,BT36,54.67682,-5.95448
320,BT37,54.67658,-5.90634
321,BT38,54.72950,-5.79799
322,BT39,54.74491,-6.01710
323,BT4,54.60230,-5.86668
324,BT40,54.84659,-5.82146
325,BT41,54.73301,-6.25997
326,BT42,54.85458,-6.28215
327,BT43,54.89024,-6.26565
328,BT44,54.97416,-6.28394
329,BT45,54.76045,-6.63935
330,BT46,54.86568,-6.66393
331,BT47,54.97386,-7.21151
332,BT48,55.00933,-7.32731
333,BT49,55.04774,-6.95153
334,BT5,54.58870,-5.87004
335,BT51,55.05761,-6.68000
336,BT52,55.13423,-6.65285
337,BT53,55.08519,-6.47305
338,BT54,55.19997,-6.25787
339,BT55,55.17971,-6.71005
340,BT56,55.19824,-6.64932
341,BT57,55.20140,-6.51755
342,BT6,54.57974,-5.89706
343,BT60,54.29219,-6.64951
344,BT61,54.36790,-6.62264
345,BT62,54.41256,-6.46416
346,BT63,54.40362,-6.38916
347,BT64,54.44938,-6.39252
348,BT65,54.44496,-6.36581
349,BT66,54.45514,-6.33292
350,BT67,54.48713,-6.26832
351,BT68,54.36626,-6.84743
352,BT69,54.42425,-6.94843
353,BT7,54.58158,-5.92356
354,BT70,54.51495,-6.88672
355,BT71,54.51322,-6.70402
356,BT74,54.34320,-7.66425
357,BT75,54.37531,-7.31559
358,BT76,54.41941,-7.19167
359,BT77,54.42711,-7.11701
360,BT78,54.57165,-7.37371
361,BT79,54.62422,-7.20073
362,BT8,54.53994,-5.90409
363,BT80,54.64464,-6.74869
364,BT81,54.69395,-7.61369
365,BT82,54.82576,-7.42777
366,BT9,54.57176,-5.94894
367,BT92,54.22294,-7.46184
368,BT93,54.46510,-7.82640
369,BT94,54.37595,-7.54078
370,CA1,54.88535,-2.91046
371,CA10,54.61104,-2.65966
372,CA11,54.66422,-2.78611
373,CA12,54.60214,-3.13326
374,CA13,54.65997,-3.36589
375,CA14,54.63454,-3.53704
376,CA15,54.71165,-3.48096
377,CA16,54.57413,-2.48269
378,CA17,54.47841,-2.35037
379,CA18,54.35408,-3.38958
380,CA19,54.38651,-3.38297
381,CA2,54.88415,-2.94940
382,CA20,54.40987,-3.46081
383,CA21,54.44516,-3.51451
384,CA22,54.48001,-3.53123
385,CA23,54.51465,-3.49236
386,CA24,54.51493,-3.54181
387,CA25,54.52243,-3.51737
388,CA26,54.54445,-3.48108
389,CA27,54.49091,-3.59186
390,CA28,54.54324,-3.57689
391,CA3,54.90760,-2.93904
392,CA4,54.84636,-2.83326
393,CA5,54.85485,-3.01570
394,CA6,54.99423,-2.89260
395,CA7,54.80696,-3.23702
396,CA8,54.93895,-2.68531
397,CA9,54.80176,-2.41850
398,CB1,52.17611,0.18955
399,CB10,52.02989,0.26551
400,CB11,51.99938,0.21443
401,CB2,52.16276,0.13333
402,CB21,52.13194,0.29553
403,CB22,52.12718,0.12898
404,CB23,52.21349,-0.02215
405,CB24,52.31538,0.02762
406,CB25,52.26083,0.23615
407,CB3,52.21324,0.02448
408,CB4,52.24312,0.11521
409,CB5,52.23868,0.21021
410,CB6,52.40388,0.22434
411,CB7,52.36606,0.32087
412,CB8,52.23083,0.42659
413,CB9,52.08212,0.44187
414,CF10,51.47387,-3.17648
415,CF11,51.47281,-3.19229
416,CF14,51.51947,-3.20216
417,CF15,51.53401,-3.27319
418,CF23,51.51550,-3.15016
419,CF24,51.48479,-3.16379
420,CF3,51.51947,-3.11134
421,CF31,51.50876,-3.57514
422,CF32,51.55992,-3.58268
423,CF33,51.52424,-3.69101
424,CF34,51.61024,-3.65087
425,CF35,51.52211,-3.51793
426,CF36,51.48456,-3.69818
427,CF37,51.60260,-3.33288
428,CF38,51.56034,-3.33164
429,CF39,51.60153,-3.42382
430,CF40,51.62009,-3.45041
431,CF41,51.64758,-3.48164
432,CF42,51.66685,-3.52132
433,CF43,51.65788,-3.44872
434,CF44,51.71802,-3.45788
435,CF45,51.66882,-3.36085
436,CF46,51.66501,-3.30000
437,CF47,51.75139,-3.37492
438,CF48,51.74067,-3.36880
439,CF5,51.48219,-3.24150
440,CF61,51.40748,-3.47962
441,CF62,51.40412,-3.30841
442,CF63,51.41190,-3.25542
443,CF64,51.43328,-3.18838
444,CF71,51.46176,-3.45402
445,CF72,51.52989,-3.39852
446,CF81,51.69980,-3.24311
447,CF82,51.65132,-3.23600
448,CF83,51.58587,-3.21690
449,CH1,53.20173,-2.90732
450,CH2,53.21640,-2.86869
451,CH3,53.16640,-2.82130
452,CH4,53.16823,-2.93803
453,CH41,53.39402,-3.03022
454,CH42,53.37433,-3.02073
455,CH43,53.38299,-3.05853
456,CH44,53.41554,-3.03676
457,CH45,53.42801,-3.05061
458,CH46,53.40319,-3.11018
459,CH47,53.39634,-3.16866
460,CH48,53.37116,-3.16947
461,CH49,53.38079,-3.10208
462,CH5,53.20424,-3.04064
463,CH6,53.25003,-3.14518
464,CH60,53.32602,-3.09466
465,CH61,53.34754,-3.10122
466,CH62,53.33421,-2.98072
467,CH63,53.34474,-3.01101
468,CH64,53.28779,-3.04717
469,CH65,53.27729,-2.90142
470,CH66,53.27704,-2.93442
471,CH7,53.16924,-3.13256
472,CH8,53.28144,-3.24053
473,CM0,51.66221,0.83719
474,CM1,51.74454,0.45694
475,CM11,51.62335,0.44605
476,CM12,51.62757,0.41593
477,CM13,51.61564,0.33872
478,CM14,51.61835,0.29263
479,CM15,51.64328,0.30545
480,CM16,51.69981,0.12161
481,CM17,51.77043,0.14522
482,CM18,51.75584,0.10685
483,CM19,51.76000,0.07515
484,CM2,51.72141,0.48754
485,CM20,51.77476,0.10483
486,CM21,51.81177,0.14718
487,CM22,51.86164,0.22218
488,CM23,51.87178,0.16021
489,CM24,51.89880,0.20657
490,CM3,51.71932,0.58445
491,CM4,51.67392,0.39235
492,CM5,51.72083,0.24857
493,CM6,51.87680,0.36678
494,CM7,51.89752,0.53797
495,CM77,51.86224,0.52554
496,CM8,51.80536,0.63870
497,CM9,51.74097,0.70159
498,CO1,51.88891,0.90960
499,CO10,52.05706,0.72355
500,CO11,51.94126,1.07890
501,CO12,51.93115,1.25427
502,CO13,51.83802,1.23884
503,CO14,51.84979,1.26873
504,CO15,51.79620,1.15605
505,CO16,51.82039,1.12580
506,CO2,51.86947,0.89527
507,CO3,51.88466,0.86281
508,CO4,51.90654,0.92383
509,CO5,51.81459,0.82209
510,CO6,51.92419,0.78968
511,CO7,51.88380,1.00520
512,CO8,51.97328,0.76797
513,CO9,51.96878,0.61043
514,CR0,51.37223,-0.07463
515,CR2,51.34983,-0.07988
516,CR3,51.28687,-0.07964
517,CR4,51.40415,-0.15813
518,CR5,51.31211,-0.13886
519,CR6,51.30799,-0.05149
520,CR7,51.39517,-0.10242
521,CR8,51.33594,-0.11061
522,CR9,51.37223,-0.07463
523,CT1,51.27719,1.08733
524,CT10,51.36208,1.43073
525,CT11,51.33557,1.41438
526,CT12,51.34216,1.37322
527,CT13,51.26692,1.33042
528,CT14,51.21582,1.38689
529,CT15,51.17109,1.28343
530,CT16,51.13996,1.30267
531,CT17,51.12845,1.29613
532,CT18,51.11447,1.15078
533,CT19,51.08785,1.17040
534,CT2,51.29261,1.08262
535,CT20,51.07899,1.16551
536,CT21,51.07233,1.07795
537,CT3,51.27743,1.21213
538,CT4,51.22462,1.06805
539,CT5,51.35318,1.03641
540,CT6,51.36420,1.13054
541,CT7,51.37122,1.30062
542,CT8,51.37996,1.34150
543,CT9,51.38304,1.39060
544,CV1,52.40939,-1.50600
545,CV10,52.52535,-1.50028
546,CV11,52.51885,-1.45318
547,CV12,52.47399,-1.47288
548,CV13,52.61217,-1.41362
549,CV2,52.42270,-1.46467
550,CV21,52.36774,-1.27438
551,CV22,52.35522,-1.28633
552,CV23,52.36165,-1.30826
553,CV3,52.39310,-1.48119
554,CV31,52.27819,-1.52358
555,CV32,52.29620,-1.53072
556,CV33,52.25735,-1.48424
557,CV34,52.28290,-1.57924
558,CV35,52.22900,-1.59440
559,CV36,52.06726,-1.62504
560,CV37,52.18530,-1.71328
561,CV4,52.39794,-1.56492
562,CV47,52.23349,-1.38494
563,CV5,52.41227,-1.55008
564,CV6,52.43188,-1.50722
565,CV7,52.44378,-1.56300
566,CV8,52.35110,-1.54336
567,CV9,52.58493,-1.55864
568,CW1,53.10281,-2.43469
569,CW10,53.18907,-2.44604
570,CW11,53.14260,-2.36482
571,CW12,53.16455,-2.21093
572,CW2,53.08119,-2.44642
573,CW3,52.99952,-2.40534
574,CW4,53.20648,-2.34739
575,CW5,53.06200,-2.52084
576,CW6,53.16197,-2.66565
577,CW7,53.19054,-2.52688
578,CW8,53.25330,-2.56363
579,CW9,53.25897,-2.50074
580,DA1,51.44637,0.20915
581,DA10,51.44445,0.30837
582,DA11,51.43455,0.35392
583,DA12,51.42757,0.38809
584,DA13,51.38235,0.35555
585,DA14,51.42475,0.11316
586,DA15,51.44029,0.09948
587,DA16,51.46440,0.10923
588,DA17,51.48706,0.14917
589,DA18,51.49165,0.14363
590,DA2,51.43150,0.23433
591,DA3,51.38417,0.30965
592,DA4,51.39106,0.23236
593,DA5,51.44033,0.14698
594,DA6,51.45484,0.14046
595,DA7,51.46552,0.14672
596,DA8,51.47574,0.17745
597,DA9,51.44771,0.27975
598,DD1,56.46110,-2.97702
599,DD10,56.74724,-2.42680
600,DD11,56.57312,-2.59738
601,DD2,56.46968,-3.02756
602,DD3,56.48257,-2.98894
603,DD4,56.48209,-2.93534
604,DD5,56.47812,-2.86217
605,DD6,56.43723,-2.92612
606,DD7,56.50330,-2.71814
607,DD8,56.65650,-2.92171
608,DD9,56.74798,-2.66720
609,DE1,52.91994,-1.47492
610,DE11,52.77372,-1.55377
611,DE12,52.72516,-1.55279
612,DE13,52.80741,-1.68844
613,DE14,52.80457,-1.63950
614,DE15,52.79908,-1.60840
615,DE21,52.93322,-1.43161
616,DE22,52.93351,-1.49559
617,DE23,52.90114,-1.49448
618,DE24,52.89016,-1.45150
619,DE3,52.90852,-1.54049
620,DE4,53.12707,-1.56357
621,DE45,53.21464,-1.67650
622,DE5,53.04456,-1.40180
623,DE55,53.10104,-1.37114
624,DE56,53.02152,-1.47369
625,DE6,52.99358,-1.71690
626,DE65,52.86651,-1.60927
627,DE7,52.97220,-1.32089
628,DE72,52.89330,-1.35929
629,DE73,52.84694,-1.43571
630,DE74,52.84368,-1.32884
631,DE75,53.01284,-1.35305
632,DG1,55.07353,-3.58045
633,DG10,55.31977,-3.43735
634,DG11,55.11331,-3.33584
635,DG12,54.98928,-3.25044
636,DG13,55.17291,-3.02849
637,DG14,55.08069,-2.98539
638,DG16,54.99731,-3.06777
639,DG2,55.06442,-3.65683
640,DG3,55.23678,-3.79927
641,DG4,55.37555,-3.95236
642,DG5,54.92201,-3.81016
643,DG6,54.83721,-4.05555
644,DG7,54.96738,-4.01219
645,DG8,54.87259,-4.51567
646,DG9,54.87815,-5.02123
647,DH1,54.78103,-1.56616
648,DH2,54.85933,-1.59648
649,DH3,54.87181,-1.56675
650,DH4,54.85444,-1.49060
651,DH5,54.82372,-1.45363
652,DH6,54.75276,-1.46391
653,DH7,54.78943,-1.66406
654,DH8,54.85541,-1.84422
655,DH9,54.86773,-1.70704
656,DL1,54.53016,-1.53637
657,DL10,54.41381,-1.69025
658,DL11,54.43841,-1.87510
659,DL12,54.57239,-1.98453
660,DL13,54.71619,-1.95343
661,DL14,54.65199,-1.68999
662,DL15,54.70960,-1.72836
663,DL16,54.69848,-1.60429
664,DL17,54.68118,-1.54086
665,DL2,54.52860,-1.60130
666,DL3,54.53209,-1.57035
667,DL4,54.63029,-1.64368
668,DL5,54.61749,-1.57565
669,DL6,54.37042,-1.38885
670,DL7,54.33761,-1.48471
671,DL8,54.29267,-1.78489
672,DL9,54.37521,-1.70902
673,DN1,53.52205,-1.12960
674,DN10,53.42705,-0.94339
675,DN11,53.45158,-1.08284
676,DN12,53.48313,-1.22082
677,DN14,53.70747,-0.93638
678,DN15,53.61469,-0.64994
679,DN16,53.56782,-0.63935
680,DN17,53.57210,-0.70114
681,DN18,53.68055,-0.44643
682,DN19,53.68387,-0.35847
683,DN2,53.53264,-1.10222
684,DN20,53.55723,-0.50531
685,DN21,53.41927,-0.70129
686,DN22,53.32352,-0.92643
687,DN3,53.54578,-1.05817
688,DN31,53.57014,-0.08648
689,DN32,53.56266,-0.06869
690,DN33,53.53974,-0.09691
691,DN34,53.55705,-0.11123
692,DN35,53.55494,-0.03583
693,DN36,53.51089,-0.03636
694,DN37,53.54033,-0.13461
695,DN38,53.56115,-0.39192
696,DN39,53.61700,-0.33385
697,DN4,53.50581,-1.12088
698,DN40,53.62080,-0.22331
699,DN41,53.58351,-0.19466
700,DN5,53.53763,-1.17153
701,DN6,53.59610,-1.17643
702,DN7,53.58139,-1.01508
703,DN8,53.61415,-0.95535
704,DN9,53.50661,-0.89316
705,DT1,50.71093,-2.44052
706,DT10,50.93702,-2.33306
707,DT11,50.86091,-2.18047
708,DT2,50.74955,-2.45365
709,DT3,50.64067,-2.46674
710,DT4,50.60921,-2.46360
711,DT5,50.54724,-2.44041
712,DT6,50.73886,-2.77528
713,DT7,50.72860,-2.94657
714,DT8,50.81632,-2.75810
715,DT9,50.94086,-2.51529
716,DY1,52.51648,-2.09580
717,DY10,52.38594,-2.22483
718,DY11,52.38496,-2.26009
719,DY12,52.38569,-2.32916
720,DY13,52.33637,-2.28035
721,DY14,52.37985,-2.46282
722,DY2,52.49671,-2.08102
723,DY3,52.52994,-2.12826
724,DY4,52.53269,-2.05308
725,DY5,52.48049,-2.12223
726,DY6,52.49842,-2.16353
727,DY7,52.46596,-2.22376
728,DY8,52.45978,-2.15455
729,DY9,52.43554,-2.12210
730,E1,51.51766,-0.05841
731,E10,51.56814,-0.01153
732,E11,51.56769,0.01443
733,E12,51.54992,0.05404
734,E13,51.52700,0.02705
735,E14,51.50620,-0.01855
736,E15,51.53911,0.00307
737,E16,51.51083,0.02633
738,E17,51.58623,-0.01796
739,E18,51.59176,0.02705
740,E1W,51.50775,-0.05739
741,E2,51.52939,-0.06080
742,E3,51.52789,-0.02482
743,E4,51.62196,-0.00339
744,E5,51.55893,-0.05233
745,E6,51.52560,0.05583
746,E7,51.54678,0.02793
747,E8,51.54202,-0.06315
748,E9,51.54258,-0.04293
749,EC1,51.52286,-0.10144
750,EC1A,51.52019,-0.10300
751,EC1M,51.52106,-0.10152
752,EC1N,51.52026,-0.10732
753,EC1R,51.52475,-0.10713
754,EC1V,51.52549,-0.09701
755,EC1Y,51.52272,-0.09280
756,EC2,51.51995,-0.08859
757,EC2A,51.52260,-0.08560
758,EC2M,51.51811,-0.08578
759,EC2N,51.51631,-0.08586
760,EC2P,51.51670,-0.09356
761,EC2R,51.51640,-0.09162
762,EC2V,51.51553,-0.09310
763,EC2Y,51.52007,-0.09579
764,EC3,51.51357,-0.08309
765,EC3A,51.51534,-0.08158
766,EC3M,51.51267,-0.08313
767,EC3N,51.51260,-0.07881
768,EC3P,51.52016,-0.10156
769,EC3R,51.51179,-0.08461
770,EC3V,51.51361,-0.08597
771,EC4,51.51475,-0.10034
772,EC4A,51.51576,-0.10751
773,EC4M,51.51475,-0.10034
774,EC4N,51.51463,-0.09314
775,EC4R,51.51191,-0.09181
776,EC4V,51.51293,-0.09897
777,EC4Y,51.51397,-0.10758
778,EH1,55.95243,-3.18840
779,EH10,55.92077,-3.20984
780,EH11,55.93387,-3.24867
781,EH12,55.94262,-3.27137
782,EH13,55.90788,-3.24144
783,EH14,55.90925,-3.28308
784,EH15,55.94686,-3.11136
785,EH16,55.92221,-3.15387
786,EH17,55.90704,-3.14222
787,EH18,55.87667,-3.12215
788,EH19,55.87324,-3.10446
789,EH2,55.95417,-3.19486
790,EH20,55.87905,-3.15579
791,EH21,55.93845,-3.04548
792,EH22,55.88441,-3.06001
793,EH23,55.83956,-3.05081
794,EH24,55.85051,-3.13257
795,EH25,55.85821,-3.17434
796,EH26,55.83257,-3.22307
797,EH27,55.89063,-3.42319
798,EH28,55.93060,-3.38624
799,EH29,55.95652,-3.39838
800,EH3,55.95412,-3.19967
801,EH30,55.98455,-3.38336
802,EH31,56.03627,-2.82661
803,EH32,55.96799,-2.94853
804,EH33,55.94196,-2.94469
805,EH34,55.90919,-2.87990
806,EH35,55.91053,-2.94233
807,EH36,55.85637,-2.85155
808,EH37,55.86188,-2.95873
809,EH38,55.78638,-2.96006
810,EH39,56.04766,-2.73052
811,EH4,55.96253,-3.25761
812,EH40,55.99057,-2.65570
813,EH41,55.94854,-2.77510
814,EH42,55.99389,-2.52428
815,EH43,55.62422,-3.01010
816,EH44,55.62015,-3.06558
817,EH45,55.65494,-3.19209
818,EH46,55.73689,-3.34910
819,EH47,55.85976,-3.66336
820,EH48,55.90110,-3.66353
821,EH49,55.97656,-3.59785
822,EH5,55.97463,-3.21633
823,EH51,56.01153,-3.60410
824,EH52,55.93756,-3.48256
825,EH53,55.89360,-3.47608
826,EH54,55.89212,-3.52400
827,EH55,55.84748,-3.57178
828,EH6,55.97144,-3.17456
829,EH7,55.96075,-3.16463
830,EH8,55.94909,-3.16268
831,EH9,55.93360,-3.18463
832,EN1,51.65360,-0.06707
833,EN10,51.74005,-0.01992
834,EN11,51.76502,-0.00723
835,EN2,51.65850,-0.09144
836,EN3,51.65852,-0.03794
837,EN4,51.64790,-0.15983
838,EN5,51.64934,-0.19447
839,EN6,51.69942,-0.17656
840,EN7,51.71025,-0.06610
841,EN8,51.69799,-0.03189
842,EN9,51.69451,0.01427
843,EX1,50.72543,-3.50479
844,EX10,50.69252,-3.24461
845,EX11,50.74603,-3.28714
846,EX12,50.70585,-3.08066
847,EX13,50.78655,-3.00733
848,EX14,50.81272,-3.18960
849,EX15,50.87675,-3.33907
850,EX16,50.92258,-3.49122
851,EX17,50.81176,-3.70205
852,EX18,50.90155,-3.88739
853,EX19,50.87712,-4.00440
854,EX2,50.70998,-3.51705
855,EX20,50.75004,-4.01882
856,EX21,50.80507,-4.20857
857,EX22,50.82804,-4.36730
858,EX23,50.82366,-4.53323
859,EX24,50.73816,-3.08849
860,EX3,50.68645,-3.45824
861,EX31,51.08566,-4.06339
862,EX32,51.07115,-4.01849
863,EX33,51.11343,-4.16894
864,EX34,51.19829,-4.10278
865,EX35,51.22360,-3.82749
866,EX36,51.01638,-3.79224
867,EX37,50.97875,-3.95179
868,EX38,50.94376,-4.15107
869,EX39,51.01394,-4.24557
870,EX4,50.73055,-3.52621
871,EX5,50.75684,-3.43916
872,EX6,50.67744,-3.59668
873,EX7,50.59183,-3.47227
874,EX8,50.62958,-3.40133
875,EX9,50.63860,-3.32239
876,FK1,55.98555,-3.79381
877,FK10,56.11516,-3.78053
878,FK11,56.15009,-3.84977
879,FK12,56.15263,-3.79998
880,FK13,56.15078,-3.74032
881,FK14,56.16536,-3.66044
882,FK15,56.20249,-3.94903
883,FK16,56.19081,-4.05966
884,FK17,56.24019,-4.21887
885,FK18,56.32448,-4.32728
886,FK19,56.37057,-4.31390
887,FK2,56.00499,-3.75461
888,FK20,56.40650,-4.63059
889,FK21,56.46574,-4.31969
890,FK3,56.01087,-3.71958
891,FK4,55.99734,-3.90662
892,FK5,56.02564,-3.81814
893,FK6,56.02149,-3.91423
894,FK7,56.09695,-3.91636
895,FK8,56.13075,-4.05001
896,FK9,56.14242,-3.93955
897,FY1,53.81551,-3.04509
898,FY2,53.84524,-3.03823
899,FY3,53.82111,-3.02092
900,FY4,53.79139,-3.02779
901,FY5,53.87415,-3.02069
902,FY6,53.86819,-2.98100
903,FY7,53.91635,-3.02629
904,FY8,53.75026,-3.00100
905,G1,55.86038,-4.24671
906,G11,55.87356,-4.31142
907,G12,55.88006,-4.30061
908,G13,55.89358,-4.34620
909,G14,55.88095,-4.34864
910,G15,55.90940,-4.36476
911,G2,55.86382,-4.25490
912,G20,55.88580,-4.28176
913,G21,55.88063,-4.22069
914,G22,55.88998,-4.25002
915,G23,55.90193,-4.28431
916,G3,55.86619,-4.27262
917,G31,55.85748,-4.20819
918,G32,55.84840,-4.16293
919,G33,55.87351,-4.16593
920,G34,55.86817,-4.11128
921,G4,55.86837,-4.25196
922,G40,55.84824,-4.22204
923,G41,55.83815,-4.28216
924,G42,55.83234,-4.25627
925,G43,55.81825,-4.28898
926,G44,55.81438,-4.25523
927,G45,55.80494,-4.23074
928,G46,55.80446,-4.30573
929,G5,55.84769,-4.25237
930,G51,55.85734,-4.31365
931,G52,55.84770,-4.34823
932,G53,55.82157,-4.35145
933,G60,55.92205,-4.45358
934,G61,55.91905,-4.33014
935,G62,55.94261,-4.32034
936,G63,56.04243,-4.36487
937,G64,55.91127,-4.21604
938,G65,55.97334,-4.05770
939,G66,55.94024,-4.15364
940,G67,55.94755,-3.98586
941,G68,55.95345,-4.01019
942,G69,55.87372,-4.10199
943,G71,55.82210,-4.07206
944,G72,55.80406,-4.12856
945,G73,55.81977,-4.20605
946,G74,55.76912,-4.17289
947,G76,55.77811,-4.27227
948,G77,55.77345,-4.32941
949,G78,55.79259,-4.40873
950,G81,55.91309,-4.40660
951,G82,55.95195,-4.57403
952,G83,56.01196,-4.58444
953,G84,56.01370,-4.75306
954,GL1,51.85990,-2.23962
955,GL10,51.74290,-2.28391
956,GL11,51.68875,-2.35591
957,GL12,51.62482,-2.38430
958,GL13,51.69289,-2.45867
959,GL14,51.81691,-2.47879
960,GL15,51.73656,-2.55036
961,GL16,51.79561,-2.61054
962,GL17,51.85542,-2.51405
963,GL18,51.94124,-2.41464
964,GL19,51.94252,-2.28662
965,GL2,51.84635,-2.26714
966,GL20,52.00304,-2.12966
967,GL3,51.86451,-2.17719
968,GL4,51.84196,-2.21630
969,GL5,51.73855,-2.21870
970,GL50,51.89968,-2.07995
971,GL51,51.89876,-2.10756
972,GL52,51.91588,-2.05816
973,GL53,51.88081,-2.06684
974,GL54,51.89693,-1.86338
975,GL55,52.06043,-1.76806
976,GL56,51.98836,-1.70435
977,GL6,51.73500,-2.19117
978,GL7,51.71263,-1.89723
979,GL8,51.64151,-2.17054
980,GL9,51.55763,-2.29718
981,GU1,51.24255,-0.56436
982,GU10,51.19750,-0.79622
983,GU11,51.24841,-0.76194
984,GU12,51.25167,-0.73032
985,GU13,51.27436,-0.83723
986,GU14,51.29246,-0.76075
987,GU15,51.33450,-0.73952
988,GU16,51.31100,-0.72868
989,GU17,51.32959,-0.78559
990,GU18,51.34813,-0.67021
991,GU19,51.35914,-0.69000
992,GU2,51.24468,-0.59152
993,GU20,51.36776,-0.65671
994,GU21,51.32006,-0.57773
995,GU22,51.31162,-0.54929
996,GU23,51.29671,-0.50816
997,GU24,51.32963,-0.62625
998,GU25,51.40090,-0.56948
999,GU26,51.11243,-0.74557
1000,GU27,51.08155,-0.71785
1001,GU28,50.99061,-0.62915
1002,GU29,50.98383,-0.74619
1003,GU3,51.24596,-0.62301
1004,GU30,51.07435,-0.80228
1005,GU31,50.99620,-0.90263
1006,GU32,51.00849,-0.96934
1007,GU33,51.04915,-0.89139
1008,GU34,51.13902,-0.98359
1009,GU35,51.11617,-0.84692
1010,GU4,51.24315,-0.53999
1011,GU46,51.33720,-0.82559
1012,GU47,51.34761,-0.78799
1013,GU5,51.20237,-0.51551
1014,GU51,51.28338,-0.83987
1015,GU52,51.26447,-0.83748
1016,GU6,51.14078,-0.48174
1017,GU7,51.18915,-0.61039
1018,GU8,51.15082,-0.64014
1019,GU9,51.21815,-0.79282
1020,GY1,49.45856,-2.53684
1021,GY2,49.57871,-2.49362
1022,GY3,49.52875,-2.45821
1023,GY4,49.52875,-2.45821
1024,GY5,49.48260,-2.58101
1025,GY6,49.52875,-2.45821
1026,GY7,49.52875,-2.45821
1027,GY8,49.52875,-2.45821
1028,GY9,49.57183,-2.28244
1029,HA0,51.55024,-0.30370
1030,HA1,51.57948,-0.33581
1031,HA2,51.57349,-0.35768
1032,HA3,51.59274,-0.31945
1033,HA4,51.56971,-0.40977
1034,HA5,51.59455,-0.38436
1035,HA6,51.61032,-0.41991
1036,HA7,51.60965,-0.30727
1037,HA8,51.61094,-0.27255
1038,HA9,51.55898,-0.28606
1039,HD1,53.64639,-1.78819
1040,HD2,53.66794,-1.77446
1041,HD3,53.65274,-1.82750
1042,HD4,53.62662,-1.79585
1043,HD5,53.64720,-1.74583
1044,HD6,53.70121,-1.78186
1045,HD7,53.62404,-1.87601
1046,HD8,53.60120,-1.67960
1047,HD9,53.57988,-1.79457
1048,HG1,53.99983,-1.53313
1049,HG2,53.98722,-1.52565
1050,HG3,54.03069,-1.61676
1051,HG4,54.15636,-1.56660
1052,HG5,54.01300,-1.45668
1053,HP1,51.75509,-0.48731
1054,HP10,51.60928,-0.70159
1055,HP11,51.62413,-0.74451
1056,HP12,51.62538,-0.77771
1057,HP13,51.63309,-0.74137
1058,HP14,51.64839,-0.82913
1059,HP15,51.65615,-0.71182
1060,HP16,51.70208,-0.71775
1061,HP17,51.77558,-0.86933
1062,HP18,51.81347,-0.98155
1063,HP19,51.82190,-0.82464
1064,HP2,51.76273,-0.45227
1065,HP20,51.81898,-0.80295
1066,HP21,51.80641,-0.80473
1067,HP22,51.80601,-0.76558
1068,HP23,51.79496,-0.66001
1069,HP27,51.71944,-0.83019
1070,HP3,51.73689,-0.47054
1071,HP4,51.76688,-0.56663
1072,HP5,51.71251,-0.60744
1073,HP6,51.67823,-0.59836
1074,HP7,51.66487,-0.60890
1075,HP8,51.64286,-0.57344
1076,HP9,51.61035,-0.63801
1077,HR1,52.06415,-2.66963
1078,HR2,52.00950,-2.78393
1079,HR3,52.09353,-3.07446
1080,HR4,52.08784,-2.76632
1081,HR5,52.19196,-3.02708
1082,HR6,52.23258,-2.77028
1083,HR7,52.18629,-2.52079
1084,HR8,52.04454,-2.44331
1085,HR9,51.90816,-2.58153
1086,HS1,58.21347,-6.38138
1087,HS2,58.24916,-6.46768
1088,HS3,57.87876,-6.85387
1089,HS4,57.86961,-6.69056
1090,HS5,57.79992,-6.96123
1091,HS6,57.60080,-7.29943
1092,HS7,57.44703,-7.33888
1093,HS8,57.23253,-7.34593
1094,HS9,56.97148,-7.47153
1095,HU1,53.74288,-0.33494
1096,HU10,53.75149,-0.44078
1097,HU11,53.82572,-0.21921
1098,HU12,53.72369,-0.13105
1099,HU13,53.72446,-0.43572
1100,HU14,53.72799,-0.50078
1101,HU15,53.74831,-0.62139
1102,HU16,53.78179,-0.41993
1103,HU17,53.84660,-0.42661
1104,HU18,53.90944,-0.16692
1105,HU19,53.72277,0.03566
1106,HU2,53.75011,-0.33769
1107,HU20,53.78836,-0.51229
1108,HU3,53.74148,-0.36381
1109,HU4,53.73568,-0.40043
1110,HU5,53.75961,-0.37524
1111,HU6,53.78110,-0.36834
1112,HU7,53.78860,-0.32554
1113,HU8,53.76845,-0.29903
1114,HU9,53.75567,-0.28589
1115,HX1,53.72111,-1.86966
1116,HX2,53.73733,-1.90448
1117,HX3,53.72648,-1.84387
1118,HX4,53.67978,-1.88039
1119,HX5,53.68601,-1.83494
1120,HX6,53.69779,-1.92426
1121,HX7,53.73916,-2.00758
1122,IG1,51.55855,0.07463
1123,IG10,51.64775,0.06569
1124,IG11,51.53573,0.09378
1125,IG2,51.57373,0.08109
1126,IG3,51.56168,0.10074
1127,IG4,51.57688,0.05525
1128,IG5,51.58749,0.06584
1129,IG6,51.59247,0.08917
1130,IG7,51.61316,0.08867
1131,IG8,51.60694,0.03350
1132,IG9,51.62391,0.04004
1133,IM1,54.15048,-4.48174
1134,IM2,54.17891,-4.46857
1135,IM3,54.17219,-4.45155
1136,IM4,54.18407,-4.53302
1137,IM5,54.19316,-4.70650
1138,IM6,54.28659,-4.58037
1139,IM7,54.32613,-4.41041
1140,IM8,54.27800,-4.08474
1141,IM9,54.09184,-4.68352
1142,IP1,52.06644,1.14151
1143,IP10,52.01888,1.26939
1144,IP11,51.97028,1.33430
1145,IP12,52.09243,1.37262
1146,IP13,52.18475,1.32107
1147,IP14,52.20597,1.03423
1148,IP15,52.15686,1.59688
1149,IP16,52.20397,1.58604
1150,IP17,52.22985,1.50316
1151,IP18,52.32995,1.67259
1152,IP19,52.33982,1.49570
1153,IP2,52.04501,1.13563
1154,IP20,52.40601,1.32150
1155,IP21,52.36431,1.23608
1156,IP22,52.37548,1.05319
1157,IP23,52.30615,1.12472
1158,IP24,52.41869,0.75903
1159,IP25,52.58588,0.83892
1160,IP26,52.50733,0.57739
1161,IP27,52.42980,0.58610
1162,IP28,52.32627,0.54924
1163,IP29,52.19245,0.66303
1164,IP3,52.04180,1.18792
1165,IP30,52.20909,0.83679
1166,IP31,52.29023,0.82877
1167,IP32,52.25326,0.71797
1168,IP33,52.24178,0.70848
1169,IP4,52.06000,1.18046
1170,IP5,52.06102,1.24182
1171,IP6,52.13100,1.11536
1172,IP7,52.06872,0.94901
1173,IP8,52.06169,1.08280
1174,IP9,51.99067,1.14931
1175,IV1,57.48740,-4.23059
1176,IV10,57.58536,-4.12616
1177,IV11,57.67758,-4.03762
1178,IV12,57.57422,-3.86458
1179,IV13,57.34280,-4.01239
1180,IV14,57.58564,-4.54783
1181,IV15,57.59965,-4.42996
1182,IV16,57.66431,-4.33703
1183,IV17,57.69985,-4.26043
1184,IV18,57.70169,-4.15479
1185,IV19,57.80478,-4.06162
1186,IV2,57.46833,-4.19107
1187,IV20,57.78653,-3.90748
1188,IV21,57.72377,-5.72019
1189,IV22,57.74156,-5.50682
1190,IV23,57.77322,-5.01018
1191,IV24,57.89133,-4.35512
1192,IV25,57.89135,-4.04295
1193,IV26,57.91578,-5.17243
1194,IV27,58.27684,-4.80032
1195,IV28,58.01527,-4.15668
1196,IV3,57.47726,-4.24499
1197,IV30,57.65468,-3.32732
1198,IV31,57.71706,-3.28931
1199,IV32,57.63161,-3.11041
1200,IV36,57.61104,-3.60363
1201,IV4,57.44843,-4.53328
1202,IV40,57.27446,-5.64981
1203,IV41,57.27372,-5.73605
1204,IV42,57.23946,-5.82877
1205,IV43,57.15550,-5.81015
1206,IV44,57.11488,-5.87374
1207,IV45,57.06714,-5.90508
1208,IV46,57.11410,-5.98441
1209,IV47,57.29467,-6.34284
1210,IV48,57.31102,-6.09713
1211,IV49,57.22770,-5.94693
1212,IV5,57.46790,-4.41120
1213,IV51,57.48055,-6.24636
1214,IV52,57.33737,-5.65106
1215,IV53,57.34465,-5.55367
1216,IV54,57.43101,-5.61538
1217,IV55,57.45873,-6.61100
1218,IV56,57.36636,-6.42790
1219,IV6,57.52634,-4.45682
1220,IV63,57.32228,-4.50465
1221,IV7,57.58435,-4.38376
1222,IV8,57.55419,-4.26477
1223,IV9,57.56922,-4.17706
1224,JE1,49.19094,-2.11961
1225,JE2,49.20183,-2.10719
1226,JE3,49.18581,-2.13418
1227,JE4,49.19392,-2.09104
1228,KA1,55.59580,-4.49509
1229,KA10,55.54945,-4.64755
1230,KA11,55.61736,-4.62512
1231,KA12,55.61923,-4.66337
1232,KA13,55.65530,-4.69921
1233,KA14,55.74041,-4.67162
1234,KA15,55.74859,-4.62596
1235,KA16,55.60713,-4.33065
1236,KA17,55.61075,-4.28164
1237,KA18,55.45063,-4.23917
1238,KA19,55.34585,-4.66707
1239,KA2,55.59619,-4.56338
1240,KA20,55.64157,-4.75072
1241,KA21,55.64176,-4.78253
1242,KA22,55.65019,-4.80697
1243,KA23,55.69135,-4.85449
1244,KA24,55.70981,-4.71412
1245,KA25,55.75263,-4.68840
1246,KA26,55.21894,-4.83313
1247,KA27,55.53880,-5.17162
1248,KA28,55.75447,-4.92287
1249,KA29,55.75701,-4.85291
1250,KA3,55.64435,-4.49499
1251,KA30,55.79725,-4.86224
1252,KA4,55.59894,-4.38256
1253,KA5,55.50987,-4.38668
1254,KA6,55.41582,-4.50427
1255,KA7,55.44739,-4.62805
1256,KA8,55.47110,-4.61222
1257,KA9,55.49734,-4.60446
1258,KT1,51.40713,-0.29606
1259,KT10,51.36749,-0.35357
1260,KT11,51.32769,-0.40237
1261,KT12,51.37721,-0.40639
1262,KT13,51.36788,-0.44838
1263,KT14,51.33869,-0.48526
1264,KT15,51.36309,-0.49451
1265,KT16,51.38312,-0.51398
1266,KT17,51.34078,-0.24827
1267,KT18,51.31670,-0.26210
1268,KT19,51.35096,-0.26799
1269,KT2,51.41602,-0.28854
1270,KT20,51.28564,-0.23029
1271,KT21,51.31098,-0.30106
1272,KT22,51.30070,-0.33731
1273,KT23,51.28137,-0.36956
1274,KT24,51.26869,-0.42879
1275,KT3,51.39935,-0.25609
1276,KT4,51.37757,-0.24255
1277,KT5,51.39171,-0.28657
1278,KT6,51.38920,-0.29960
1279,KT7,51.38959,-0.32690
1280,KT8,51.40089,-0.36243
1281,KT9,51.36405,-0.30197
1282,KW1,58.45801,-3.12092
1283,KW10,57.97509,-3.97500
1284,KW11,58.30505,-4.12991
1285,KW12,58.50634,-3.49149
1286,KW13,58.45518,-3.89556
1287,KW14,58.58913,-3.55523
1288,KW15,58.98030,-2.95862
1289,KW16,58.95963,-3.27278
1290,KW17,59.04195,-3.00217
1291,KW2,58.34893,-3.16359
1292,KW3,58.30741,-3.27829
1293,KW5,58.28747,-3.38163
1294,KW6,58.24908,-3.44148
1295,KW7,58.18641,-3.50018
1296,KW8,58.11611,-3.66360
1297,KW9,58.01370,-3.85692
1298,KY1,56.12815,-3.13750
1299,KY10,56.23024,-2.70011
1300,KY11,56.04710,-3.41450
1301,KY12,56.07674,-3.49272
1302,KY13,56.20866,-3.43173
1303,KY14,56.31048,-3.23992
1304,KY15,56.30055,-3.05050
1305,KY16,56.34184,-2.81865
1306,KY2,56.12234,-3.18238
1307,KY3,56.06346,-3.23037
1308,KY4,56.11421,-3.36066
1309,KY5,56.14548,-3.29416
1310,KY6,56.19678,-3.19756
1311,KY7,56.19719,-3.15405
1312,KY8,56.19755,-3.01061
1313,KY9,56.20965,-2.83356
1314,L1,53.40254,-2.97928
1315,L10,53.47398,-2.92668
1316,L11,53.44801,-2.91407
1317,L12,53.43467,-2.89421
1318,L13,53.41740,-2.91943
1319,L14,53.41861,-2.87883
1320,L15,53.39763,-2.91901
1321,L16,53.39876,-2.88744
1322,L17,53.37769,-2.93962
1323,L18,53.38064,-2.90661
1324,L19,53.35910,-2.90165
1325,L2,53.40696,-2.98841
1326,L20,53.45281,-2.98797
1327,L21,53.47070,-2.99893
1328,L22,53.47676,-3.02620
1329,L23,53.49118,-3.02203
1330,L24,53.34339,-2.83672
1331,L25,53.37827,-2.86296
1332,L26,53.36410,-2.83262
1333,L27,53.38744,-2.83758
1334,L28,53.43490,-2.86411
1335,L29,53.50679,-2.98319
1336,L3,53.40880,-2.98394
1337,L30,53.48442,-2.97062
1338,L31,53.51346,-2.93659
1339,L32,53.47786,-2.88909
1340,L33,53.48965,-2.87577
1341,L34,53.43614,-2.81445
1342,L35,53.41478,-2.78244
1343,L36,53.41439,-2.83962
1344,L37,53.55735,-3.06288
1345,L38,53.52420,-3.04998
1346,L39,53.56142,-2.89537
1347,L4,53.43775,-2.96052
1348,L40,53.60227,-2.84032
1349,L5,53.42505,-2.97529
1350,L6,53.41896,-2.94956
1351,L69,53.40709,-2.97337
1352,L7,53.40549,-2.94776
1353,L70,53.40891,-2.97040
1354,L8,53.39009,-2.96246
1355,L9,53.46120,-2.95201
1356,LA1,54.04663,-2.79885
1357,LA10,54.31433,-2.49348
1358,LA11,54.20034,-2.92446
1359,LA12,54.20351,-3.08246
1360,LA13,54.11792,-3.19805
1361,LA14,54.11850,-3.23020
1362,LA15,54.15588,-3.17770
1363,LA16,54.18620,-3.20155
1364,LA17,54.23860,-3.17545
1365,LA18,54.21512,-3.27448
1366,LA19,54.29312,-3.37523
1367,LA2,54.06537,-2.67390
1368,LA20,54.29404,-3.20469
1369,LA21,54.36450,-3.07283
1370,LA22,54.42276,-2.98649
1371,LA23,54.37122,-2.91136
1372,LA3,54.05058,-2.87683
1373,LA4,54.06964,-2.85125
1374,LA5,54.14287,-2.78998
1375,LA6,54.17537,-2.61134
1376,LA7,54.22568,-2.77162
1377,LA8,54.32373,-2.75961
1378,LA9,54.32563,-2.74273
1379,LD1,52.26047,-3.36570
1380,LD2,52.14145,-3.39275
1381,LD3,51.96006,-3.37111
1382,LD4,52.11786,-3.55416
1383,LD5,52.12692,-3.61584
1384,LD6,52.30909,-3.50804
1385,LD7,52.35240,-3.08513
1386,LD8,52.26735,-3.04348
1387,LE1,52.63379,-1.12812
1388,LE10,52.53641,-1.36744
1389,LE11,52.76927,-1.21584
1390,LE12,52.76641,-1.19217
1391,LE13,52.76572,-0.88536
1392,LE14,52.78380,-0.89527
1393,LE15,52.65594,-0.70037
1394,LE16,52.48616,-0.89244
1395,LE17,52.46690,-1.17706
1396,LE18,52.58332,-1.11141
1397,LE19,52.57718,-1.21047
1398,LE2,52.60942,-1.11531
1399,LE3,52.62876,-1.17993
1400,LE4,52.66342,-1.12309
1401,LE5,52.63616,-1.08521
1402,LE6,52.66244,-1.24141
1403,LE65,52.74819,-1.46810
1404,LE67,52.71619,-1.36041
1405,LE7,52.67739,-1.06808
1406,LE8,52.55264,-1.09728
1407,LE9,52.57012,-1.28728
1408,LL11,53.06314,-3.03425
1409,LL12,53.08601,-2.98851
1410,LL13,53.03590,-2.95902
1411,LL14,52.99198,-3.05043
1412,LL15,53.10263,-3.31455
1413,LL16,53.18489,-3.43231
1414,LL17,53.25319,-3.43460
1415,LL18,53.31023,-3.47554
1416,LL19,53.33082,-3.40866
1417,LL20,52.95949,-3.15982
1418,LL21,52.99006,-3.40947
1419,LL22,53.26827,-3.59257
1420,LL23,52.90493,-3.60003
1421,LL24,53.05695,-3.78474
1422,LL25,53.05460,-3.87866
1423,LL26,53.13877,-3.78514
1424,LL27,53.14718,-3.82288
1425,LL28,53.28749,-3.75983
1426,LL29,53.28916,-3.70738
1427,LL30,53.31813,-3.81514
1428,LL31,53.29035,-3.80946
1429,LL32,53.26022,-3.83968
1430,LL33,53.24987,-3.98015
1431,LL34,53.27076,-3.91212
1432,LL35,52.54657,-4.04127
1433,LL36,52.60374,-4.06313
1434,LL37,52.66546,-4.08230
1435,LL38,52.69767,-4.03943
1436,LL39,52.71076,-4.01043
1437,LL40,52.75614,-3.87468
1438,LL41,52.96914,-3.93750
1439,LL42,52.72530,-4.05405
1440,LL43,52.77409,-4.09193
1441,LL44,52.79111,-4.09572
1442,LL45,52.81989,-4.09562
1443,LL46,52.85477,-4.10621
1444,LL47,52.90140,-4.06237
1445,LL48,52.93544,-4.06994
1446,LL49,52.92883,-4.13808
1447,LL51,52.97377,-4.23712
1448,LL52,52.92425,-4.24052
1449,LL53,52.88418,-4.49117
1450,LL54,53.05829,-4.28478
1451,LL55,53.13355,-4.20355
1452,LL56,53.18669,-4.19879
1453,LL57,53.20718,-4.10998
1454,LL58,53.28022,-4.09857
1455,LL59,53.23417,-4.15926
1456,LL60,53.21505,-4.26915
1457,LL61,53.19540,-4.26212
1458,LL62,53.21007,-4.38572
1459,LL63,53.21824,-4.47007
1460,LL64,53.22805,-4.51709
1461,LL65,53.30067,-4.56940
1462,LL66,53.38055,-4.40427
1463,LL67,53.41097,-4.45565
1464,LL68,53.39818,-4.37668
1465,LL69,53.38583,-4.31883
1466,LL70,53.36396,-4.28758
1467,LL71,53.32732,-4.36823
1468,LL72,53.34957,-4.24023
1469,LL73,53.33511,-4.24397
1470,LL74,53.31645,-4.23248
1471,LL75,53.28343,-4.21876
1472,LL76,53.30017,-4.23764
1473,LL77,53.26011,-4.31053
1474,LL78,53.31678,-4.26253
1475,LN1,53.25883,-0.58621
1476,LN10,53.15858,-0.21703
1477,LN11,53.37320,0.02496
1478,LN12,53.32930,0.26620
1479,LN13,53.26518,0.18482
1480,LN2,53.25429,-0.50840
1481,LN3,53.24325,-0.41885
1482,LN4,53.15018,-0.38489
1483,LN5,53.17126,-0.55617
1484,LN6,53.20319,-0.59403
1485,LN7,53.49216,-0.34327
1486,LN8,53.37321,-0.32384
1487,LN9,53.21719,-0.11124
1488,LS1,53.79674,-1.54754
1489,LS10,53.76162,-1.53123
1490,LS11,53.77609,-1.55535
1491,LS12,53.79062,-1.59618
1492,LS13,53.81052,-1.63396
1493,LS14,53.82782,-1.45604
1494,LS15,53.80619,-1.44417
1495,LS16,53.85086,-1.60169
1496,LS17,53.85958,-1.52709
1497,LS18,53.84020,-1.64130
1498,LS19,53.85920,-1.68220
1499,LS2,53.80123,-1.54597
1500,LS20,53.87365,-1.71251
1501,LS21,53.91132,-1.67876
1502,LS22,53.93179,-1.39375
1503,LS23,53.90372,-1.35458
1504,LS24,53.86987,-1.25168
1505,LS25,53.78584,-1.33059
1506,LS26,53.75227,-1.44791
1507,LS27,53.74839,-1.60266
1508,LS28,53.80163,-1.66897
1509,LS29,53.92058,-1.80356
1510,LS3,53.80128,-1.55964
1511,LS4,53.80944,-1.58082
1512,LS5,53.81851,-1.60199
1513,LS6,53.81928,-1.56704
1514,LS7,53.81828,-1.53971
1515,LS8,53.82445,-1.50926
1516,LS9,53.79928,-1.50803
1517,LU1,51.87476,-0.42373
1518,LU2,51.89147,-0.39553
1519,LU3,51.90829,-0.44291
1520,LU4,51.89871,-0.46650
1521,LU5,51.90829,-0.51270
1522,LU6,51.87711,-0.53552
1523,LU7,51.90921,-0.66388
1524,M1,53.47734,-2.23508
1525,M11,53.47834,-2.17933
1526,M12,53.46482,-2.20187
1527,M13,53.46030,-2.21389
1528,M14,53.44770,-2.22437
1529,M15,53.46563,-2.25008
1530,M16,53.45481,-2.26357
1531,M17,53.46906,-2.31789
1532,M18,53.46127,-2.16871
1533,M19,53.43696,-2.19421
1534,M2,53.48003,-2.24263
1535,M20,53.42521,-2.23027
1536,M21,53.43771,-2.27099
1537,M22,53.38560,-2.25863
1538,M23,53.39902,-2.28729
1539,M24,53.55113,-2.19624
1540,M25,53.52850,-2.27459
1541,M26,53.56161,-2.33369
1542,M27,53.51216,-2.33631
1543,M28,53.51467,-2.39666
1544,M29,53.50816,-2.45692
1545,M3,53.48361,-2.25018
1546,M30,53.48424,-2.35418
1547,M31,53.41930,-2.42136
1548,M32,53.45021,-2.30872
1549,M33,53.42050,-2.32506
1550,M34,53.45594,-2.11748
1551,M35,53.50714,-2.15230
1552,M38,53.53167,-2.42096
1553,M4,53.48455,-2.22909
1554,M40,53.50349,-2.18999
1555,M41,53.45095,-2.36294
1556,M43,53.48378,-2.14770
1557,M44,53.44086,-2.42609
1558,M45,53.54734,-2.28829
1559,M46,53.52601,-2.49031
1560,M5,53.47903,-2.28482
1561,M6,53.49159,-2.29696
1562,M60,53.48635,-2.22759
1563,M7,53.50516,-2.26086
1564,M8,53.50880,-2.23827
1565,M9,53.52143,-2.21269
1566,M90,53.36309,-2.27653
1567,ME1,51.37216,0.50017
1568,ME10,51.34258,0.73697
1569,ME11,51.41247,0.74833
1570,ME12,51.42282,0.80507
1571,ME13,51.30275,0.89675
1572,ME14,51.28043,0.54108
1573,ME15,51.25450,0.53392
1574,ME16,51.27414,0.49915
1575,ME17,51.23484,0.61021
1576,ME18,51.24426,0.42301
1577,ME19,51.29307,0.41123
1578,ME2,51.39136,0.48540
1579,ME20,51.30467,0.45919
1580,ME3,51.43322,0.54668
1581,ME4,51.38050,0.53081
1582,ME5,51.34896,0.53338
1583,ME6,51.32662,0.44170
1584,ME7,51.37904,0.55660
1585,ME8,51.36102,0.59870
1586,ME9,51.33297,0.72491
1587,MK1,52.00522,-0.72659
1588,MK10,52.03908,-0.69792
1589,MK11,52.05226,-0.84048
1590,MK12,52.05741,-0.81555
1591,MK13,52.05258,-0.78359
1592,MK14,52.05955,-0.76152
1593,MK15,52.05739,-0.72802
1594,MK16,52.08879,-0.72129
1595,MK17,51.99235,-0.70074
1596,MK18,51.97972,-0.96904
1597,MK19,52.07215,-0.85164
1598,MK2,51.98991,-0.72411
1599,MK3,51.99651,-0.75306
1600,MK4,52.00397,-0.77762
1601,MK40,52.13797,-0.47145
1602,MK41,52.15113,-0.44614
1603,MK42,52.12002,-0.47352
1604,MK43,52.11837,-0.55684
1605,MK44,52.19402,-0.42563
1606,MK45,52.02462,-0.46803
1607,MK46,52.15411,-0.69165
1608,MK5,52.02021,-0.78301
1609,MK6,52.02967,-0.74193
1610,MK7,52.01921,-0.68976
1611,MK8,52.03570,-0.80300
1612,MK9,52.04064,-0.75912
1613,ML1,55.79943,-3.97512
1614,ML10,55.68013,-4.06932
1615,ML11,55.66661,-3.78555
1616,ML12,55.56677,-3.59544
1617,ML2,55.77706,-3.91179
1618,ML3,55.77028,-4.05337
1619,ML4,55.81846,-4.02078
1620,ML5,55.85964,-4.03091
1621,ML6,55.86704,-3.96257
1622,ML7,55.83008,-3.79303
1623,ML8,55.73050,-3.84103
1624,ML9,55.72496,-3.96658
1625,N1,51.53717,-0.09652
1626,N10,51.59368,-0.14325
1627,N11,51.61338,-0.13812
1628,N12,51.61487,-0.17561
1629,N13,51.61910,-0.10176
1630,N14,51.63392,-0.12860
1631,N15,51.58190,-0.08166
1632,N16,51.56290,-0.07525
1633,N17,51.59791,-0.07088
1634,N18,51.61309,-0.06446
1635,N19,51.56464,-0.12712
1636,N2,51.58957,-0.16797
1637,N20,51.62923,-0.17359
1638,N21,51.63612,-0.09816
1639,N22,51.59944,-0.10980
1640,N3,51.59984,-0.19210
1641,N4,51.57052,-0.10090
1642,N5,51.55337,-0.09729
1643,N6,51.57116,-0.14129
1644,N7,51.55277,-0.11607
1645,N8,51.58335,-0.11625
1646,N9,51.62825,-0.05659
1647,NE1,54.97262,-1.61097
1648,NE10,54.94726,-1.55345
1649,NE11,54.94123,-1.63157
1650,NE12,55.02460,-1.56823
1651,NE13,55.04642,-1.64469
1652,NE15,54.98370,-1.72026
1653,NE16,54.93240,-1.69096
1654,NE17,54.91378,-1.81591
1655,NE18,55.03787,-1.86072
1656,NE19,55.17901,-2.09580
1657,NE2,54.98698,-1.60458
1658,NE20,55.05304,-1.78553
1659,NE21,54.95764,-1.71888
1660,NE22,55.13610,-1.58428
1661,NE23,55.08037,-1.58173
1662,NE24,55.12238,-1.52013
1663,NE25,55.04945,-1.48656
1664,NE26,55.05201,-1.45679
1665,NE27,55.03247,-1.51025
1666,NE28,55.00015,-1.51846
1667,NE29,55.01160,-1.46359
1668,NE3,55.01043,-1.63250
1669,NE30,55.02138,-1.44000
1670,NE31,54.97136,-1.51100
1671,NE32,54.96765,-1.48292
1672,NE33,54.99077,-1.42792
1673,NE34,54.97186,-1.42037
1674,NE35,54.95227,-1.45970
1675,NE36,54.94498,-1.43794
1676,NE37,54.91300,-1.52574
1677,NE38,54.89412,-1.52441
1678,NE39,54.92357,-1.75813
1679,NE4,54.97361,-1.64221
1680,NE40,54.96584,-1.77193
1681,NE41,54.97580,-1.81875
1682,NE42,54.96237,-1.85474
1683,NE43,54.94804,-1.90475
1684,NE44,54.94268,-1.97814
1685,NE45,54.97683,-2.01563
1686,NE46,54.97948,-2.10626
1687,NE47,54.92894,-2.25127
1688,NE48,55.13114,-2.25724
1689,NE49,54.96698,-2.45927
1690,NE5,54.99621,-1.68735
1691,NE6,54.97695,-1.56405
1692,NE61,55.18045,-1.68905
1693,NE62,55.16129,-1.59187
1694,NE63,55.17736,-1.56187
1695,NE64,55.18437,-1.51467
1696,NE65,55.31270,-1.75104
1697,NE66,55.42858,-1.73135
1698,NE67,55.53363,-1.69260
1699,NE68,55.57398,-1.65739
1700,NE69,55.60468,-1.71586
1701,NE7,54.99947,-1.57788
1702,NE70,55.59409,-1.81591
1703,NE71,55.55558,-2.04439
1704,NE8,54.95552,-1.60333
1705,NE9,54.93118,-1.58328
1706,NE99,54.96723,-1.61259
1707,NG1,52.95400,-1.14700
1708,NG10,52.90005,-1.28187
1709,NG11,52.89934,-1.17335
1710,NG12,52.91104,-1.05415
1711,NG13,52.94767,-0.92087
1712,NG14,53.01519,-1.03696
1713,NG15,53.04519,-1.20338
1714,NG16,53.02688,-1.29319
1715,NG17,53.11569,-1.26035
1716,NG18,53.13766,-1.18373
1717,NG19,53.15933,-1.19678
1718,NG2,52.93500,-1.13100
1719,NG20,53.20958,-1.18386
1720,NG21,53.14069,-1.10443
1721,NG22,53.17826,-0.97046
1722,NG23,53.11553,-0.80012
1723,NG24,53.06966,-0.79841
1724,NG25,53.07294,-0.95506
1725,NG3,52.96735,-1.12887
1726,NG31,52.91420,-0.63910
1727,NG32,52.94939,-0.64991
1728,NG33,52.81819,-0.57829
1729,NG34,52.98753,-0.39096
1730,NG4,52.97062,-1.08561
1731,NG5,52.99713,-1.14317
1732,NG6,52.99746,-1.19085
1733,NG7,52.95779,-1.17521
1734,NG8,52.96434,-1.21231
1735,NG9,52.92583,-1.23533
1736,NN1,52.24154,-0.88682
1737,NN10,52.29150,-0.59668
1738,NN11,52.24033,-1.17833
1739,NN12,52.12744,-0.99778
1740,NN13,52.03240,-1.14715
1741,NN14,52.40948,-0.69145
1742,NN15,52.38446,-0.70542
1743,NN16,52.40531,-0.72098
1744,NN17,52.50026,-0.68876
1745,NN18,52.47986,-0.71440
1746,NN2,52.26230,-0.89509
1747,NN29,52.25990,-0.66362
1748,NN3,52.26182,-0.84528
1749,NN4,52.21645,-0.89623
1750,NN5,52.24732,-0.92916
1751,NN6,52.32208,-0.94350
1752,NN7,52.20954,-0.92714
1753,NN8,52.30254,-0.69754
1754,NN9,52.33288,-0.59831
1755,NP10,51.57943,-3.04497
1756,NP11,51.64249,-3.13025
1757,NP12,51.66880,-3.19743
1758,NP13,51.73412,-3.13977
1759,NP15,51.72552,-2.88616
1760,NP16,51.64951,-2.68808
1761,NP18,51.60637,-2.94305
1762,NP19,51.58913,-2.96290
1763,NP20,51.59057,-3.00480
1764,NP22,51.77070,-3.25665
1765,NP23,51.78482,-3.19615
1766,NP24,51.71964,-3.23786
1767,NP25,51.80307,-2.72232
1768,NP26,51.59051,-2.77669
1769,NP4,51.71882,-3.04528
1770,NP44,51.65064,-3.02637
1771,NP7,51.82884,-3.00864
1772,NP8,51.85996,-3.14586
1773,NR1,52.62671,1.31012
1774,NR10,52.73642,1.24582
1775,NR11,52.84173,1.27596
1776,NR12,52.75971,1.47144
1777,NR13,52.63372,1.47327
1778,NR14,52.56445,1.38070
1779,NR15,52.50639,1.27010
1780,NR16,52.47600,1.06162
1781,NR17,52.51544,0.99655
1782,NR18,52.57095,1.11105
1783,NR19,52.67542,0.92907
1784,NR2,52.63010,1.28524
1785,NR20,52.72449,0.98124
1786,NR21,52.84097,0.85257
1787,NR22,52.89366,0.86793
1788,NR23,52.94872,0.85966
1789,NR24,52.85851,1.05135
1790,NR25,52.91969,1.08541
1791,NR26,52.93511,1.21602
1792,NR27,52.92467,1.30157
1793,NR28,52.82203,1.40068
1794,NR29,52.69260,1.63932
1795,NR3,52.64332,1.29511
1796,NR30,52.61874,1.72926
1797,NR31,52.57614,1.71087
1798,NR32,52.48903,1.73448
1799,NR33,52.45441,1.71976
1800,NR34,52.43791,1.58442
1801,NR35,52.46125,1.43463
1802,NR4,52.61357,1.26479
1803,NR5,52.64050,1.23427
1804,NR6,52.66074,1.28310
1805,NR7,52.65063,1.33521
1806,NR8,52.67798,1.21188
1807,NR9,52.63574,1.10973
1808,NW1,51.53252,-0.14286
1809,NW10,51.53951,-0.24641
1810,NW11,51.57831,-0.19584
1811,NW2,51.55797,-0.21829
1812,NW3,51.55184,-0.17093
1813,NW4,51.58682,-0.22294
1814,NW5,51.55139,-0.14209
1815,NW6,51.54142,-0.19442
1816,NW7,51.61488,-0.23484
1817,NW8,51.53117,-0.17175
1818,NW9,51.58640,-0.25472
1819,OL1,53.54944,-2.10566
1820,OL10,53.59064,-2.22211
1821,OL11,53.60600,-2.17382
1822,OL12,53.63567,-2.16487
1823,OL13,53.70034,-2.20299
1824,OL14,53.71395,-2.09850
1825,OL15,53.64384,-2.09985
1826,OL16,53.61234,-2.13152
1827,OL2,53.57191,-2.10874
1828,OL3,53.55309,-2.00906
1829,OL4,53.54228,-2.07244
1830,OL5,53.51712,-2.03771
1831,OL6,53.49372,-2.08593
1832,OL7,53.49011,-2.10552
1833,OL8,53.52606,-2.11616
1834,OL9,53.53952,-2.14186
1835,OX1,51.74451,-1.25978
1836,OX10,51.60781,-1.12625
1837,OX11,51.59965,-1.24626
1838,OX12,51.59437,-1.42537
1839,OX13,51.67849,-1.34765
1840,OX14,51.66728,-1.27550
1841,OX15,52.03219,-1.40666
1842,OX16,52.06241,-1.34061
1843,OX17,52.07291,-1.28938
1844,OX18,51.76232,-1.59134
1845,OX2,51.76440,-1.27685
1846,OX20,51.85659,-1.35814
1847,OX25,51.90067,-1.21216
1848,OX26,51.90114,-1.15109
1849,OX27,51.93709,-1.14751
1850,OX28,51.78529,-1.48675
1851,OX29,51.79403,-1.43154
1852,OX3,51.76131,-1.21458
1853,OX33,51.75813,-1.14653
1854,OX39,51.70045,-0.91317
1855,OX4,51.72984,-1.21513
1856,OX44,51.70046,-1.13025
1857,OX49,51.64996,-0.99967
1858,OX5,51.82917,-1.28016
1859,OX6,51.90845,-1.16695
1860,OX7,51.91135,-1.52747
1861,OX8,51.78964,-1.45480
1862,OX9,51.73794,-0.98180
1863,PA1,55.84457,-4.41674
1864,PA10,55.83375,-4.55184
1865,PA11,55.85649,-4.58210
1866,PA12,55.79540,-4.62273
1867,PA13,55.89235,-4.62927
1868,PA14,55.92757,-4.66368
1869,PA15,55.94279,-4.74802
1870,PA16,55.94351,-4.79613
1871,PA17,55.86512,-4.88162
1872,PA18,55.88928,-4.88661
1873,PA19,55.95280,-4.82244
1874,PA2,55.82896,-4.43334
1875,PA20,55.83482,-5.05670
1876,PA21,55.90186,-5.24762
1877,PA22,55.97074,-5.15720
1878,PA23,55.95474,-4.93154
1879,PA24,56.15675,-4.90504
1880,PA25,56.21553,-5.04017
1881,PA26,56.25758,-4.93690
1882,PA27,56.15422,-5.08365
1883,PA28,55.43603,-5.60305
1884,PA29,55.80476,-5.47741
1885,PA3,55.85205,-4.44757
1886,PA30,56.01330,-5.44799
1887,PA31,56.05245,-5.46273
1888,PA32,56.20284,-5.11658
1889,PA33,56.36978,-5.05569
1890,PA34,56.40210,-5.49931
1891,PA35,56.40507,-5.22391
1892,PA36,56.52032,-4.77019
1893,PA37,56.46816,-5.38681
1894,PA38,56.59186,-5.33433
1895,PA4,55.87464,-4.39623
1896,PA41,55.67470,-5.74115
1897,PA42,55.63962,-6.18624
1898,PA43,55.75590,-6.28324
1899,PA44,55.79785,-6.29265
1900,PA45,55.81932,-6.16560
1901,PA46,55.86226,-6.11902
1902,PA47,55.68236,-6.50288
1903,PA48,55.73797,-6.38332
1904,PA49,55.78260,-6.39313
1905,PA5,55.83105,-4.50854
1906,PA6,55.86377,-4.53462
1907,PA60,55.87979,-5.91287
1908,PA61,56.07177,-6.20088
1909,PA62,56.35932,-5.85014
1910,PA63,56.38234,-5.71469
1911,PA64,56.43838,-5.67471
1912,PA65,56.46916,-5.72805
1913,PA66,56.32913,-6.35382
1914,PA67,56.31356,-6.23228
1915,PA68,56.43624,-6.14202
1916,PA69,56.38044,-6.08894
1917,PA7,55.90944,-4.49919
1918,PA70,56.36426,-6.03373
1919,PA71,56.48108,-5.98112
1920,PA72,56.51761,-5.96381
1921,PA73,56.49693,-6.18279
1922,PA74,56.53313,-6.22911
1923,PA75,56.61228,-6.12216
1924,PA76,56.33403,-6.39324
1925,PA77,56.49469,-6.88350
1926,PA78,56.62454,-6.54449
1927,PA8,55.90140,-4.45228
1928,PA9,55.80948,-4.55184
1929,PE1,52.58704,-0.23885
1930,PE10,52.77693,-0.37650
1931,PE11,52.80714,-0.16616
1932,PE12,52.78328,0.02860
1933,PE13,52.66895,0.13868
1934,PE14,52.63884,0.21112
1935,PE15,52.53589,0.08649
1936,PE16,52.45379,0.05022
1937,PE19,52.24203,-0.25840
1938,PE2,52.56043,-0.26352
1939,PE20,52.93200,-0.10136
1940,PE21,52.97477,-0.02203
1941,PE22,53.04826,0.04550
1942,PE23,53.17244,0.09181
1943,PE24,53.16561,0.26804
1944,PE25,53.15261,0.33616
1945,PE26,52.45292,-0.11320
1946,PE27,52.33361,-0.07572
1947,PE28,52.35784,-0.18629
1948,PE29,52.33345,-0.17848
1949,PE3,52.58758,-0.27573
1950,PE30,52.75978,0.41884
1951,PE31,52.87538,0.56647
1952,PE32,52.73016,0.62756
1953,PE33,52.64814,0.46886
1954,PE34,52.72450,0.33986
1955,PE35,52.82530,0.51155
1956,PE36,52.93600,0.50754
1957,PE37,52.64414,0.69336
1958,PE38,52.58977,0.37698
1959,PE4,52.61262,-0.26589
1960,PE5,52.57867,-0.34398
1961,PE6,52.65562,-0.25531
1962,PE7,52.53877,-0.19801
1963,PE8,52.52694,-0.44176
1964,PE9,52.65422,-0.48012
1965,PH1,56.42113,-3.47537
1966,PH10,56.60845,-3.36046
1967,PH11,56.63942,-3.23438
1968,PH12,56.57551,-3.15253
1969,PH13,56.53749,-3.27335
1970,PH14,56.45299,-3.18614
1971,PH15,56.60974,-3.94063
1972,PH16,56.70697,-3.81003
1973,PH17,56.68745,-4.38230
1974,PH18,56.77410,-3.88855
1975,PH19,56.93428,-4.25500
1976,PH2,56.38691,-3.40439
1977,PH20,57.05377,-4.15504
1978,PH21,57.08834,-4.02169
1979,PH22,57.19857,-3.80587
1980,PH23,57.28761,-3.80028
1981,PH24,57.25419,-3.74891
1982,PH25,57.26187,-3.64646
1983,PH26,57.32980,-3.60464
1984,PH3,56.30228,-3.70355
1985,PH30,56.79185,-4.60020
1986,PH31,56.89234,-4.81575
1987,PH32,57.14424,-4.68275
1988,PH33,56.82148,-5.11207
1989,PH34,56.92574,-4.92676
1990,PH35,57.07578,-4.93032
1991,PH36,56.72124,-5.86584
1992,PH38,56.84536,-5.74736
1993,PH39,56.91265,-5.84124
1994,PH4,56.26072,-3.78244
1995,PH40,56.96381,-5.78560
1996,PH41,57.00374,-5.83251
1997,PH42,56.90217,-6.14094
1998,PH43,57.01529,-6.28049
1999,PH44,57.05693,-6.50319
2000,PH49,56.67500,-5.10977
2001,PH5,56.32927,-3.82770
2002,PH50,56.71451,-4.96427
2003,PH6,56.37162,-3.99491
2004,PH7,56.37332,-3.82657
2005,PH8,56.56249,-3.59805
2006,PH9,56.65112,-3.69152
2007,PL1,50.37074,-4.15317
2008,PL10,50.34537,-4.21106
2009,PL11,50.37250,-4.25030
2010,PL12,50.41932,-4.24830
2011,PL13,50.35715,-4.47456
2012,PL14,50.46351,-4.46460
2013,PL15,50.63218,-4.39987
2014,PL16,50.64562,-4.26757
2015,PL17,50.51625,-4.30510
2016,PL18,50.51523,-4.21899
2017,PL19,50.55602,-4.15454
2018,PL2,50.38856,-4.16242
2019,PL20,50.50125,-4.09986
2020,PL21,50.38566,-3.91748
2021,PL22,50.40273,-4.65146
2022,PL23,50.33653,-4.63513
2023,PL24,50.35461,-4.70925
2024,PL25,50.34038,-4.77872
2025,PL26,50.34196,-4.82520
2026,PL27,50.52248,-4.87408
2027,PL28,50.53366,-4.96651
2028,PL29,50.58564,-4.82988
2029,PL3,50.38744,-4.12578
2030,PL30,50.49992,-4.72743
2031,PL31,50.46858,-4.72140
2032,PL32,50.63282,-4.66015
2033,PL33,50.62130,-4.73021
2034,PL34,50.65970,-4.74234
2035,PL35,50.68444,-4.68431
2036,PL4,50.37480,-4.12803
2037,PL5,50.41008,-4.16621
2038,PL6,50.41730,-4.11586
2039,PL7,50.39160,-4.04436
2040,PL8,50.33548,-4.01243
2041,PL9,50.35394,-4.08773
2042,PO1,50.79903,-1.08749
2043,PO10,50.85074,-0.92878
2044,PO11,50.79180,-0.97553
2045,PO12,50.79764,-1.14144
2046,PO13,50.81229,-1.17808
2047,PO14,50.83685,-1.21884
2048,PO15,50.86203,-1.21842
2049,PO16,50.84993,-1.15895
2050,PO17,50.88957,-1.16819
2051,PO18,50.86403,-0.81478
2052,PO19,50.83756,-0.77710
2053,PO2,50.81603,-1.07722
2054,PO20,50.78278,-0.78563
2055,PO21,50.78362,-0.69622
2056,PO22,50.79835,-0.64756
2057,PO3,50.81589,-1.05877
2058,PO30,50.69085,-1.31330
2059,PO31,50.75286,-1.30531
2060,PO32,50.75091,-1.27982
2061,PO33,50.72139,-1.16976
2062,PO34,50.71557,-1.11178
2063,PO35,50.68657,-1.08401
2064,PO36,50.65748,-1.16240
2065,PO37,50.63151,-1.17700
2066,PO38,50.60406,-1.24108
2067,PO39,50.68027,-1.53853
2068,PO4,50.78983,-1.06213
2069,PO40,50.68199,-1.52011
2070,PO41,50.69979,-1.47744
2071,PO5,50.78821,-1.08486
2072,PO6,50.84564,-1.06811
2073,PO7,50.88227,-1.03753
2074,PO8,50.91084,-1.01275
2075,PO9,50.86291,-0.98250
2076,PR1,53.75779,-2.70082
2077,PR2,53.77753,-2.70722
2078,PR25,53.69402,-2.69219
2079,PR26,53.68743,-2.74054
2080,PR3,53.86826,-2.71636
2081,PR4,53.75335,-2.83271
2082,PR5,53.73107,-2.65641
2083,PR6,53.66749,-2.61001
2084,PR7,53.64480,-2.65205
2085,PR8,53.62613,-3.01016
2086,PR9,53.65974,-2.96859
2087,RG1,51.45366,-0.96942
2088,RG10,51.48055,-0.86224
2089,RG12,51.40655,-0.74904
2090,RG14,51.39957,-1.32143
2091,RG17,51.43998,-1.48775
2092,RG18,51.43326,-1.24180
2093,RG19,51.39368,-1.24102
2094,RG2,51.42655,-0.95421
2095,RG20,51.40325,-1.33575
2096,RG21,51.26580,-1.08974
2097,RG22,51.24986,-1.12159
2098,RG23,51.26083,-1.14574
2099,RG24,51.28094,-1.07080
2100,RG25,51.22767,-1.16211
2101,RG26,51.34966,-1.11824
2102,RG27,51.29963,-0.94132
2103,RG28,51.23327,-1.33391
2104,RG29,51.24751,-0.94538
2105,RG30,51.45133,-1.01265
2106,RG31,51.45607,-1.04134
2107,RG4,51.48063,-0.96882
2108,RG40,51.39933,-0.83406
2109,RG41,51.41574,-0.85666
2110,RG42,51.42729,-0.75423
2111,RG45,51.37471,-0.80020
2112,RG5,51.45219,-0.90612
2113,RG6,51.43893,-0.93090
2114,RG7,51.39790,-1.07706
2115,RG8,51.50513,-1.10516
2116,RG9,51.54407,-0.92267
2117,RH1,51.23683,-0.15623
2118,RH10,51.11724,-0.15813
2119,RH11,51.11079,-0.20554
2120,RH12,51.07579,-0.33254
2121,RH13,51.03701,-0.32537
2122,RH14,51.03197,-0.48245
2123,RH15,50.95675,-0.13316
2124,RH16,51.00204,-0.09713
2125,RH17,51.02122,-0.11488
2126,RH18,51.09702,0.03104
2127,RH19,51.12474,-0.01205
2128,RH2,51.23485,-0.20215
2129,RH20,50.93647,-0.46990
2130,RH3,51.23242,-0.27960
2131,RH4,51.22871,-0.33418
2132,RH5,51.19463,-0.34113
2133,RH6,51.17126,-0.16170
2134,RH7,51.17427,-0.01564
2135,RH8,51.25130,0.00344
2136,RH9,51.23543,-0.06889
2137,RM1,51.58175,0.18395
2138,RM10,51.54443,0.15909
2139,RM11,51.56939,0.21944
2140,RM12,51.55251,0.20852
2141,RM13,51.52397,0.19561
2142,RM14,51.55593,0.26496
2143,RM15,51.50800,0.27843
2144,RM16,51.49148,0.34100
2145,RM17,51.47910,0.33029
2146,RM18,51.46646,0.37716
2147,RM19,51.48250,0.24835
2148,RM2,51.58320,0.20279
2149,RM20,51.47812,0.28847
2150,RM3,51.60163,0.22679
2151,RM4,51.63255,0.16038
2152,RM5,51.59917,0.16602
2153,RM6,51.57549,0.13313
2154,RM7,51.57480,0.17063
2155,RM8,51.55662,0.13225
2156,RM9,51.54036,0.13582
2157,S1,53.38020,-1.46777
2158,S10,53.37681,-1.51742
2159,S11,53.36148,-1.50557
2160,S12,53.34844,-1.40507
2161,S13,53.36451,-1.38230
2162,S14,53.34592,-1.44266
2163,S17,53.32111,-1.52556
2164,S18,53.29931,-1.47178
2165,S2,53.36932,-1.44686
2166,S20,53.33467,-1.35119
2167,S21,53.31213,-1.33802
2168,S25,53.36891,-1.21389
2169,S26,53.35678,-1.28624
2170,S3,53.38741,-1.47219
2171,S32,53.29454,-1.63839
2172,S33,53.34150,-1.72061
2173,S35,53.45763,-1.49542
2174,S36,53.50302,-1.61249
2175,S4,53.39900,-1.44949
2176,S40,53.23356,-1.44562
2177,S41,53.24696,-1.42746
2178,S42,53.20019,-1.42209
2179,S43,53.26720,-1.34172
2180,S44,53.22478,-1.31241
2181,S45,53.16602,-1.42106
2182,S5,53.42152,-1.46124
2183,S6,53.40195,-1.50962
2184,S60,53.41376,-1.34698
2185,S61,53.44367,-1.39320
2186,S62,53.46500,-1.34619
2187,S63,53.51794,-1.32879
2188,S64,53.49080,-1.29907
2189,S65,53.43518,-1.31955
2190,S66,53.42033,-1.24153
2191,S7,53.35422,-1.48913
2192,S70,53.54114,-1.47330
2193,S71,53.57342,-1.45629
2194,S72,53.57851,-1.39127
2195,S73,53.52458,-1.39355
2196,S74,53.50053,-1.43913
2197,S75,53.56201,-1.51985
2198,S8,53.33978,-1.47578
2199,S80,53.29205,-1.14928
2200,S81,53.33770,-1.12134
2201,S9,53.39794,-1.41641
2202,SA1,51.62742,-3.93905
2203,SA10,51.68722,-3.79836
2204,SA11,51.67428,-3.76168
2205,SA12,51.60725,-3.79375
2206,SA13,51.60559,-3.72436
2207,SA14,51.73245,-4.10721
2208,SA15,51.69989,-4.16648
2209,SA16,51.68922,-4.25569
2210,SA17,51.75790,-4.28520
2211,SA18,51.79798,-3.95796
2212,SA19,51.95284,-3.94723
2213,SA2,51.62021,-3.99364
2214,SA20,52.01025,-3.78651
2215,SA3,51.57965,-4.05105
2216,SA31,51.85639,-4.30762
2217,SA32,51.88597,-4.17106
2218,SA33,51.85022,-4.43510
2219,SA34,51.85258,-4.61822
2220,SA35,51.97349,-4.55974
2221,SA36,51.95717,-4.60684
2222,SA37,52.01684,-4.59282
2223,SA38,52.04010,-4.47312
2224,SA39,52.01955,-4.24166
2225,SA4,51.67054,-4.04792
2226,SA40,52.08378,-4.17335
2227,SA41,51.99718,-4.70679
2228,SA42,52.01534,-4.85220
2229,SA43,52.08619,-4.62896
2230,SA44,52.08625,-4.37201
2231,SA45,52.20794,-4.35800
2232,SA46,52.23254,-4.24945
2233,SA47,52.19028,-4.29561
2234,SA48,52.14338,-4.11048
2235,SA5,51.64851,-3.96886
2236,SA6,51.67539,-3.92084
2237,SA61,51.79916,-4.97345
2238,SA62,51.84093,-5.06333
2239,SA63,51.87409,-4.85342
2240,SA64,52.00147,-5.01162
2241,SA65,51.98818,-4.96848
2242,SA66,51.88121,-4.74342
2243,SA67,51.78165,-4.73157
2244,SA68,51.72867,-4.76603
2245,SA69,51.71029,-4.70555
2246,SA7,51.66150,-3.88989
2247,SA70,51.67176,-4.73797
2248,SA71,51.66716,-4.92863
2249,SA72,51.69130,-4.93453
2250,SA73,51.71634,-5.01146
2251,SA8,51.72153,-3.84750
2252,SA9,51.78122,-3.76729
2253,SE1,51.49838,-0.08949
2254,SE10,51.48162,-0.00089
2255,SE11,51.48880,-0.10862
2256,SE12,51.44430,0.02483
2257,SE13,51.45837,-0.00910
2258,SE14,51.47511,-0.04150
2259,SE15,51.47189,-0.06468
2260,SE16,51.49597,-0.05213
2261,SE17,51.48764,-0.09282
2262,SE18,51.48391,0.07412
2263,SE19,51.41735,-0.08424
2264,SE2,51.48943,0.11759
2265,SE20,51.41151,-0.05716
2266,SE21,51.43807,-0.08626
2267,SE22,51.45401,-0.07119
2268,SE23,51.44015,-0.04875
2269,SE24,51.45446,-0.09853
2270,SE25,51.39742,-0.07501
2271,SE26,51.42674,-0.05364
2272,SE27,51.43022,-0.10097
2273,SE28,51.50219,0.10809
2274,SE3,51.46866,0.02015
2275,SE4,51.46058,-0.03348
2276,SE5,51.47322,-0.09055
2277,SE6,51.43777,-0.01432
2278,SE7,51.48369,0.03521
2279,SE8,51.48118,-0.02828
2280,SE9,51.44465,0.05651
2281,SG1,51.91103,-0.19417
2282,SG10,51.84460,0.07178
2283,SG11,51.88125,0.03278
2284,SG12,51.81375,-0.01669
2285,SG13,51.78673,-0.06863
2286,SG14,51.80688,-0.09098
2287,SG15,52.01276,-0.26149
2288,SG16,52.01507,-0.29638
2289,SG17,52.03445,-0.33063
2290,SG18,52.08208,-0.26609
2291,SG19,52.13925,-0.24049
2292,SG2,51.89620,-0.16569
2293,SG3,51.86046,-0.18022
2294,SG4,51.92100,-0.25922
2295,SG5,51.96727,-0.28654
2296,SG6,51.97888,-0.22057
2297,SG7,52.00335,-0.17443
2298,SG8,52.06369,-0.01293
2299,SG9,51.94580,-0.00796
2300,SK1,53.40736,-2.15044
2301,SK10,53.27793,-2.12899
2302,SK11,53.24646,-2.14238
2303,SK12,53.35169,-2.09165
2304,SK13,53.44790,-1.96386
2305,SK14,53.45149,-2.05422
2306,SK15,53.48655,-2.04672
2307,SK16,53.47395,-2.08137
2308,SK17,53.24378,-1.87861
2309,SK2,53.39480,-2.13235
2310,SK22,53.37240,-1.98497
2311,SK23,53.32744,-1.94895
2312,SK3,53.39835,-2.16996
2313,SK4,53.41901,-2.17908
2314,SK5,53.43433,-2.15204
2315,SK6,53.40563,-2.07973
2316,SK7,53.36962,-2.14129
2317,SK8,53.37941,-2.20748
2318,SK9,53.32723,-2.22975
2319,SL0,51.52431,-0.51371
2320,SL1,51.51751,-0.61916
2321,SL2,51.53350,-0.60281
2322,SL3,51.49961,-0.55198
2323,SL4,51.47530,-0.62475
2324,SL5,51.40468,-0.66138
2325,SL6,51.52231,-0.72569
2326,SL7,51.57411,-0.77620
2327,SL8,51.57786,-0.70682
2328,SL9,51.59677,-0.55467
2329,SM1,51.36599,-0.19127
2330,SM2,51.35258,-0.19611
2331,SM3,51.36992,-0.21267
2332,SM4,51.39219,-0.19886
2333,SM5,51.36741,-0.16679
2334,SM6,51.35984,-0.14267
2335,SM7,51.32296,-0.20014
2336,SN1,51.55689,-1.77351
2337,SN10,51.33589,-1.98708
2338,SN11,51.43931,-1.99856
2339,SN12,51.37178,-2.13649
2340,SN13,51.42383,-2.21001
2341,SN14,51.47511,-2.19440
2342,SN15,51.47255,-2.07920
2343,SN16,51.59304,-2.08951
2344,SN2,51.57939,-1.78206
2345,SN25,51.59110,-1.79644
2346,SN26,51.61086,-1.78335
2347,SN3,51.56132,-1.74319
2348,SN4,51.53089,-1.81978
2349,SN5,51.56509,-1.83696
2350,SN6,51.62067,-1.74141
2351,SN7,51.64892,-1.56345
2352,SN8,51.40741,-1.68510
2353,SN9,51.32400,-1.78614
2354,SO14,50.90805,-1.39546
2355,SO15,50.91629,-1.42381
2356,SO16,50.93521,-1.43069
2357,SO17,50.92603,-1.39380
2358,SO18,50.92405,-1.35968
2359,SO19,50.90244,-1.35429
2360,SO20,51.11361,-1.50422
2361,SO21,51.07488,-1.31334
2362,SO22,51.06509,-1.33204
2363,SO23,51.06765,-1.30774
2364,SO24,51.08367,-1.14615
2365,SO30,50.91924,-1.30568
2366,SO31,50.86882,-1.29506
2367,SO32,50.94740,-1.20845
2368,SO40,50.91484,-1.50065
2369,SO41,50.75502,-1.56473
2370,SO42,50.80976,-1.53442
2371,SO43,50.88729,-1.58341
2372,SO45,50.84778,-1.39340
2373,SO50,50.96890,-1.33912
2374,SO51,50.99400,-1.50407
2375,SO52,50.97663,-1.44015
2376,SO53,50.98442,-1.38022
2377,SP1,51.07400,-1.78873
2378,SP10,51.21065,-1.48314
2379,SP11,51.22696,-1.51303
2380,SP2,51.07406,-1.82441
2381,SP3,51.10117,-2.00571
2382,SP4,51.16479,-1.76400
2383,SP5,51.02271,-1.77185
2384,SP6,50.93553,-1.80074
2385,SP7,51.00390,-2.18245
2386,SP8,51.03696,-2.28956
2387,SP9,51.23018,-1.66053
2388,SR1,54.90695,-1.37919
2389,SR2,54.88716,-1.37638
2390,SR3,54.87747,-1.41549
2391,SR4,54.90088,-1.42451
2392,SR5,54.92334,-1.42419
2393,SR6,54.93480,-1.37876
2394,SR7,54.83046,-1.36168
2395,SR8,54.76650,-1.33471
2396,SR9,54.90243,-1.37458
2397,SS0,51.54602,0.69146
2398,SS1,51.53697,0.73275
2399,SS11,51.61510,0.53807
2400,SS12,51.60556,0.52164
2401,SS13,51.57433,0.50981
2402,SS14,51.57507,0.47521
2403,SS15,51.57687,0.43200
2404,SS16,51.56201,0.45430
2405,SS17,51.52093,0.44055
2406,SS2,51.54991,0.71766
2407,SS3,51.54276,0.79224
2408,SS4,51.59406,0.71452
2409,SS5,51.60722,0.65030
2410,SS6,51.58746,0.60872
2411,SS7,51.56202,0.57984
2412,SS8,51.52220,0.59057
2413,SS9,51.55409,0.65298
2414,ST1,53.02616,-2.17148
2415,ST10,52.98942,-1.96275
2416,ST11,52.96693,-2.06552
2417,ST12,52.94795,-2.17117
2418,ST13,53.10090,-2.01793
2419,ST14,52.90304,-1.86767
2420,ST15,52.90033,-2.14719
2421,ST16,52.81315,-2.11871
2422,ST17,52.78890,-2.09936
2423,ST18,52.81408,-2.08161
2424,ST19,52.71243,-2.14656
2425,ST2,53.02711,-2.13570
2426,ST20,52.79854,-2.26255
2427,ST21,52.86777,-2.25851
2428,ST3,52.98037,-2.12214
2429,ST4,52.99468,-2.18328
2430,ST5,53.01526,-2.23703
2431,ST6,53.05760,-2.18951
2432,ST7,53.08802,-2.26580
2433,ST8,53.11517,-2.16735
2434,ST9,53.05052,-2.09847
2435,SW1,51.49558,-0.13860
2436,SW10,51.48365,-0.18086
2437,SW11,51.46630,-0.16427
2438,SW12,51.44536,-0.14784
2439,SW13,51.47473,-0.24458
2440,SW14,51.46514,-0.26511
2441,SW15,51.45734,-0.22509
2442,SW16,51.42165,-0.12722
2443,SW17,51.43030,-0.16283
2444,SW18,51.44960,-0.18941
2445,SW19,51.42284,-0.20341
2446,SW1A,51.50265,-0.13111
2447,SW1E,51.49737,-0.13853
2448,SW1H,51.49818,-0.13273
2449,SW1P,51.49548,-0.13284
2450,SW1V,51.49016,-0.13738
2451,SW1W,51.49302,-0.14735
2452,SW1X,51.49760,-0.15293
2453,SW1Y,51.50539,-0.13388
2454,SW2,51.44939,-0.11889
2455,SW20,51.41058,-0.22547
2456,SW3,51.48969,-0.16477
2457,SW4,51.46045,-0.13571
2458,SW5,51.49005,-0.18781
2459,SW6,51.47675,-0.19986
2460,SW7,51.49614,-0.17460
2461,SW8,51.47566,-0.13077
2462,SW9,51.46907,-0.11232
2463,SY1,52.72280,-2.74039
2464,SY10,52.83579,-3.12089
2465,SY11,52.86630,-3.02808
2466,SY12,52.90335,-2.89364
2467,SY13,52.95147,-2.68921
2468,SY14,53.02924,-2.76203
2469,SY15,52.55518,-3.12995
2470,SY16,52.52004,-3.31183
2471,SY17,52.51644,-3.46501
2472,SY18,52.44076,-3.54784
2473,SY19,52.57388,-3.61156
2474,SY2,52.70669,-2.72827
2475,SY20,52.61405,-3.81838
2476,SY21,52.65784,-3.20505
2477,SY22,52.75604,-3.18553
2478,SY23,52.38184,-4.05129
2479,SY24,52.47045,-4.02302
2480,SY25,52.23810,-3.93626
2481,SY3,52.69923,-2.76959
2482,SY4,52.79556,-2.75052
2483,SY5,52.65299,-2.82791
2484,SY6,52.53906,-2.79038
2485,SY7,52.42508,-2.88688
2486,SY8,52.36523,-2.69474
2487,SY9,52.49803,-2.98558
2488,TA1,51.01234,-3.10203
2489,TA10,51.03262,-2.82438
2490,TA11,51.06039,-2.70214
2491,TA12,50.97452,-2.77207
2492,TA13,50.94638,-2.81004
2493,TA14,50.94588,-2.75024
2494,TA15,50.95058,-2.71757
2495,TA16,50.90693,-2.79229
2496,TA17,50.90753,-2.83497
2497,TA18,50.88269,-2.78619
2498,TA19,50.93392,-2.91373
2499,TA2,51.03303,-3.10109
2500,TA20,50.87329,-2.96087
2501,TA21,50.97673,-3.24507
2502,TA22,51.04510,-3.54509
2503,TA23,51.16171,-3.35160
2504,TA24,51.18137,-3.50957
2505,TA3,50.99403,-3.03889
2506,TA4,51.07092,-3.26758
2507,TA5,51.14633,-3.10379
2508,TA6,51.12479,-2.99895
2509,TA7,51.12999,-2.91187
2510,TA8,51.24445,-2.99294
2511,TA9,51.22588,-2.95530
2512,TD1,55.62390,-2.80997
2513,TD10,55.71203,-2.44887
2514,TD11,55.78792,-2.31578
2515,TD12,55.65331,-2.23840
2516,TD13,55.92975,-2.36975
2517,TD14,55.86735,-2.12305
2518,TD15,55.74699,-2.01275
2519,TD2,55.73300,-2.75330
2520,TD3,55.70073,-2.57127
2521,TD4,55.64182,-2.67051
2522,TD5,55.58723,-2.41571
2523,TD6,55.58238,-2.69330
2524,TD7,55.53631,-2.87156
2525,TD8,55.47531,-2.54111
2526,TD9,55.39766,-2.77533
2527,TF1,52.70246,-2.50323
2528,TF10,52.76943,-2.38541
2529,TF11,52.66253,-2.35933
2530,TF12,52.61175,-2.48003
2531,TF13,52.57803,-2.58150
2532,TF2,52.70002,-2.43956
2533,TF3,52.66404,-2.44363
2534,TF4,52.66125,-2.46726
2535,TF5,52.71490,-2.53594
2536,TF6,52.73550,-2.55397
2537,TF7,52.63525,-2.44925
2538,TF8,52.62974,-2.47875
2539,TF9,52.89770,-2.46832
2540,TN1,51.13490,0.27002
2541,TN10,51.21013,0.28661
2542,TN11,51.20597,0.26922
2543,TN12,51.17194,0.44067
2544,TN13,51.27593,0.18519
2545,TN14,51.29525,0.16172
2546,TN15,51.29951,0.26953
2547,TN16,51.29362,0.05262
2548,TN17,51.09610,0.53810
2549,TN18,51.04328,0.52665
2550,TN19,51.00262,0.40754
2551,TN2,51.13726,0.28729
2552,TN20,51.02633,0.25615
2553,TN21,50.95871,0.26427
2554,TN22,50.98067,0.10005
2555,TN23,51.13902,0.86075
2556,TN24,51.14917,0.88712
2557,TN25,51.14426,0.93972
2558,TN26,51.09988,0.80547
2559,TN27,51.16519,0.70642
2560,TN28,50.98202,0.95226
2561,TN29,50.99327,0.93444
2562,TN3,51.12265,0.25227
2563,TN30,51.06195,0.69753
2564,TN31,50.96233,0.68748
2565,TN32,50.97930,0.49040
2566,TN33,50.91032,0.47676
2567,TN34,50.86393,0.58374
2568,TN35,50.88036,0.61309
2569,TN36,50.92061,0.70216
2570,TN37,50.87168,0.55858
2571,TN38,50.86297,0.54531
2572,TN39,50.84602,0.45488
2573,TN4,51.14590,0.25912
2574,TN40,50.84449,0.48463
2575,TN5,51.06471,0.36223
2576,TN6,51.05216,0.17464
2577,TN7,51.09204,0.10938
2578,TN8,51.19420,0.07969
2579,TN9,51.19053,0.27705
2580,TQ1,50.47156,-3.52209
2581,TQ10,50.42412,-3.81906
2582,TQ11,50.48137,-3.78179
2583,TQ12,50.52882,-3.61142
2584,TQ13,50.59296,-3.71817
2585,TQ14,50.55002,-3.50626
2586,TQ2,50.47398,-3.54331
2587,TQ3,50.44298,-3.57469
2588,TQ4,50.42326,-3.56982
2589,TQ5,50.39151,-3.52234
2590,TQ6,50.34655,-3.58837
2591,TQ7,50.28256,-3.78278
2592,TQ8,50.23686,-3.77125
2593,TQ9,50.41619,-3.68924
2594,TR1,50.26241,-5.05347
2595,TR10,50.16624,-5.11736
2596,TR11,50.14907,-5.08684
2597,TR12,50.04310,-5.17923
2598,TR13,50.10945,-5.28435
2599,TR14,50.20987,-5.29686
2600,TR15,50.23225,-5.23669
2601,TR16,50.23272,-5.21988
2602,TR17,50.12482,-5.46735
2603,TR18,50.11630,-5.54089
2604,TR19,50.10012,-5.62783
2605,TR2,50.25334,-4.95186
2606,TR20,50.13138,-5.48882
2607,TR21,49.92936,-6.25622
2608,TR22,49.89192,-6.34346
2609,TR23,49.95281,-6.35174
2610,TR24,49.95528,-6.33383
2611,TR25,49.96401,-6.29276
2612,TR26,50.20276,-5.47860
2613,TR27,50.18162,-5.40280
2614,TR3,50.21684,-5.10944
2615,TR4,50.28359,-5.13626
2616,TR5,50.30819,-5.19127
2617,TR6,50.34167,-5.15134
2618,TR7,50.41304,-5.07300
2619,TR8,50.39869,-5.03689
2620,TR9,50.41387,-4.93648
2621,TS1,54.57179,-1.23733
2622,TS10,54.60656,-1.06791
2623,TS11,54.58734,-1.02501
2624,TS12,54.56258,-0.96528
2625,TS13,54.54989,-0.85427
2626,TS14,54.53189,-1.06034
2627,TS15,54.49144,-1.32992
2628,TS16,54.52393,-1.35257
2629,TS17,54.53713,-1.30289
2630,TS18,54.56241,-1.32257
2631,TS19,54.57781,-1.34398
2632,TS2,54.58436,-1.23555
2633,TS20,54.58572,-1.31290
2634,TS21,54.62676,-1.42529
2635,TS22,54.61809,-1.31390
2636,TS23,54.60803,-1.28465
2637,TS24,54.69655,-1.21016
2638,TS25,54.66338,-1.22321
2639,TS26,54.68768,-1.22895
2640,TS27,54.72309,-1.28728
2641,TS28,54.72536,-1.37265
2642,TS29,54.71032,-1.41945
2643,TS3,54.56073,-1.19578
2644,TS4,54.55551,-1.22217
2645,TS5,54.55120,-1.25008
2646,TS6,54.56583,-1.15236
2647,TS7,54.53369,-1.18394
2648,TS8,54.52141,-1.23054
2649,TS9,54.46614,-1.16368
2650,TW1,51.44982,-0.32470
2651,TW10,51.44949,-0.30168
2652,TW11,51.42653,-0.33131
2653,TW12,51.42166,-0.36888
2654,TW13,51.43828,-0.39995
2655,TW14,51.45202,-0.41818
2656,TW15,51.43002,-0.45491
2657,TW16,51.41510,-0.41514
2658,TW17,51.39753,-0.44594
2659,TW18,51.42800,-0.50677
2660,TW19,51.45221,-0.50166
2661,TW2,51.44657,-0.34929
2662,TW20,51.42674,-0.54997
2663,TW3,51.46742,-0.36149
2664,TW4,51.46593,-0.38314
2665,TW5,51.48029,-0.38120
2666,TW6,51.46948,-0.44638
2667,TW7,51.47331,-0.33248
2668,TW8,51.48552,-0.30611
2669,TW9,51.46736,-0.29382
2670,UB1,51.51435,-0.37278
2671,UB10,51.54780,-0.45236
2672,UB11,51.51909,-0.45766
2673,UB2,51.49915,-0.37909
2674,UB3,51.50513,-0.42211
2675,UB4,51.52381,-0.40704
2676,UB5,51.54315,-0.37464
2677,UB6,51.53911,-0.34306
2678,UB7,51.50576,-0.46964
2679,UB8,51.53458,-0.47300
2680,UB9,51.58157,-0.49019
2681,W1,51.51452,-0.14215
2682,W10,51.52103,-0.21397
2683,W11,51.51189,-0.20424
2684,W12,51.50777,-0.22890
2685,W13,51.51270,-0.31951
2686,W14,51.49488,-0.20923
2687,W1B,51.51357,-0.13931
2688,W1C,51.51371,-0.14795
2689,W1D,51.51344,-0.13066
2690,W1F,51.51261,-0.13502
2691,W1G,51.51818,-0.14633
2692,W1H,51.51659,-0.15936
2693,W1J,51.50735,-0.14388
2694,W1K,51.51104,-0.14950
2695,W1M,51.51823,-0.14921
2696,W1S,51.51090,-0.14086
2697,W1T,51.51980,-0.13473
2698,W1U,51.51827,-0.15209
2699,W1W,51.51897,-0.13909
2700,W2,51.51508,-0.17816
2701,W3,51.50925,-0.26775
2702,W4,51.49118,-0.26268
2703,W5,51.51243,-0.30078
2704,W6,51.49246,-0.22805
2705,W7,51.51110,-0.33398
2706,W8,51.50003,-0.19317
2707,W9,51.52607,-0.19070
2708,WA1,53.39442,-2.56850
2709,WA10,53.45362,-2.75454
2710,WA11,53.47721,-2.71879
2711,WA12,53.45343,-2.63104
2712,WA13,53.38226,-2.46911
2713,WA14,53.38624,-2.35788
2714,WA15,53.38364,-2.32478
2715,WA16,53.30260,-2.37068
2716,WA2,53.41054,-2.58075
2717,WA3,53.45384,-2.54821
2718,WA4,53.36472,-2.57412
2719,WA5,53.39857,-2.63624
2720,WA6,53.27222,-2.72285
2721,WA7,53.32987,-2.70280
2722,WA8,53.37189,-2.74107
2723,WA9,53.43676,-2.71811
2724,WC1,51.52139,-0.12169
2725,WC1A,51.51694,-0.12475
2726,WC1B,51.51876,-0.12612
2727,WC1E,51.52065,-0.13181
2728,WC1H,51.52415,-0.12590
2729,WC1N,51.52136,-0.12025
2730,WC1R,51.51860,-0.11604
2731,WC1V,51.51685,-0.11899
2732,WC1X,51.52489,-0.11578
2733,WC2,51.51332,-0.12346
2734,WC2A,51.51588,-0.11471
2735,WC2B,51.51510,-0.12195
2736,WC2E,51.51242,-0.12350
2737,WC2H,51.51339,-0.12778
2738,WC2N,51.50975,-0.12505
2739,WC2R,51.51145,-0.11921
2740,WD1,51.64692,-0.39984
2741,WD17,51.66138,-0.40512
2742,WD18,51.64801,-0.41426
2743,WD19,51.63150,-0.39027
2744,WD2,51.66730,-0.37743
2745,WD23,51.64554,-0.36520
2746,WD24,51.67027,-0.39757
2747,WD25,51.68363,-0.38842
2748,WD3,51.64530,-0.48085
2749,WD4,51.70882,-0.45556
2750,WD5,51.70470,-0.41662
2751,WD6,51.65684,-0.27514
2752,WD7,51.68611,-0.30876
2753,WF1,53.68684,-1.49117
2754,WF10,53.72388,-1.34370
2755,WF11,53.71078,-1.25602
2756,WF12,53.68373,-1.61992
2757,WF13,53.69279,-1.64559
2758,WF14,53.68034,-1.69263
2759,WF15,53.70822,-1.69849
2760,WF16,53.70994,-1.66817
2761,WF17,53.71885,-1.64082
2762,WF2,53.67254,-1.51102
2763,WF3,53.72294,-1.52408
2764,WF4,53.64741,-1.51888
2765,WF5,53.67998,-1.57605
2766,WF6,53.69997,-1.41375
2767,WF7,53.66639,-1.35065
2768,WF8,53.68497,-1.29887
2769,WF9,53.60599,-1.31983
2770,WN1,53.55414,-2.62650
2771,WN2,53.53639,-2.58248
2772,WN3,53.52888,-2.64423
2773,WN4,53.49473,-2.64221
2774,WN5,53.53135,-2.68501
2775,WN6,53.57369,-2.66908
2776,WN7,53.49803,-2.51712
2777,WN8,53.55242,-2.76838
2778,WR1,52.19713,-2.21656
2779,WR10,52.11459,-2.06426
2780,WR11,52.09481,-1.92847
2781,WR12,52.04261,-1.87314
2782,WR13,52.09433,-2.34161
2783,WR14,52.11328,-2.31839
2784,WR15,52.30476,-2.56764
2785,WR2,52.18989,-2.24139
2786,WR3,52.21603,-2.21079
2787,WR4,52.20438,-2.18440
2788,WR5,52.17738,-2.19891
2789,WR6,52.22732,-2.37045
2790,WR7,52.19642,-2.05268
2791,WR8,52.08207,-2.20287
2792,WR9,52.26826,-2.15682
2793,WS1,52.57945,-1.97786
2794,WS10,52.56057,-2.02065
2795,WS11,52.68914,-2.01776
2796,WS12,52.70623,-1.99852
2797,WS13,52.69170,-1.81800
2798,WS14,52.66292,-1.81368
2799,WS15,52.75834,-1.91701
2800,WS2,52.58845,-2.00148
2801,WS3,52.61812,-1.98966
2802,WS4,52.60552,-1.95865
2803,WS5,52.56776,-1.95869
2804,WS6,52.65767,-2.02218
2805,WS7,52.68012,-1.91272
2806,WS8,52.64597,-1.93348
2807,WS9,52.60910,-1.91729
2808,WV1,52.58569,-2.11514
2809,WV10,52.61716,-2.11227
2810,WV11,52.61000,-2.07089
2811,WV12,52.60552,-2.03987
2812,WV13,52.58484,-2.06052
2813,WV14,52.55695,-2.07818
2814,WV15,52.51593,-2.37435
2815,WV16,52.51120,-2.44062
2816,WV2,52.57400,-2.11806
2817,WV3,52.57936,-2.15054
2818,WV4,52.56229,-2.14163
2819,WV5,52.53342,-2.20936
2820,WV6,52.59550,-2.18161
2821,WV7,52.63309,-2.27043
2822,WV8,52.62337,-2.18320
2823,WV9,52.63332,-2.14039
2824,YO1,53.95857,-1.08090
2825,YO10,53.95031,-1.05822
2826,YO11,54.26511,-0.39535
2827,YO12,54.27356,-0.42267
2828,YO13,54.28798,-0.49587
2829,YO14,54.19903,-0.29672
2830,YO15,54.09390,-0.17715
2831,YO16,54.09514,-0.20004
2832,YO17,54.13631,-0.75397
2833,YO18,54.25870,-0.76717
2834,YO19,53.91046,-1.02105
2835,YO21,54.47654,-0.71123
2836,YO22,54.45038,-0.62104
2837,YO23,53.92562,-1.12122
2838,YO24,53.94624,-1.11469
2839,YO25,54.00465,-0.41302
2840,YO26,53.97452,-1.17204
2841,YO30,53.98579,-1.11385
2842,YO31,53.96923,-1.06389
2843,YO32,54.01143,-1.05837
2844,YO41,53.96966,-0.90227
2845,YO42,53.92274,-0.79080
2846,YO43,53.84976,-0.68952
2847,YO51,54.08182,-1.37628
2848,YO60,54.08237,-0.94057
2849,YO61,54.11579,-1.19370
2850,YO62,54.24282,-0.99325
2851,YO7,54.22370,-1.34960
2852,YO8,53.78130,-1.05745
2853,ZE1,60.15232,-1.16779
2854,ZE2,60.33047,-1.22484
2855,ZE3,59.88369,-1.30316
2856,W1A,51.518562,-0.143799
2857,BL11,53.576178,-2.428677
2858,BL78,53.571716,-2.416294
2859,BN50,50.823442,-0.140396
2860,BN51,50.804823,-0.058672
2861,BN52,50.829256,-0.168416
2862,BN88,50.831246,-0.140438
2863,BN99,50.820239,-0.379944
2864,BS80,51.521874,-2.572469
2865,BS98,51.459068,-2.581532
2866,CA95,54.644668,-3.56645
2867,CF30,51.519635,-3.119562
2868,CF91,51.465745,-3.193634
2869,CF95,51.481196,-3.171039
2870,CF99,51.464366,-3.161654
2871,CH25,53.396972,-3.011914
2872,CH26,53.365697,-3.065921
2873,CH27,53.418339,-3.033129
2874,CH28,53.400433,-3.111956
2875,CH29,53.390338,-3.179391
2876,CH30,53.379056,-3.098456
2877,CH31,53.329738,-3.098885
2878,CH32,53.361945,-2.99765
2879,CH33,53.29055,-3.062639
2880,CH34,53.281708,-2.908126
2881,CH70,53.192746,-2.92259
2882,CH88,53.179571,-2.893891
2883,CH99,53.178328,-2.894104
2884,CM99,51.735856,0.473009
2885,CT50,51.075701,1.149115
2886,CW98,53.089331,-2.431667
2887,DE99,52.915455,-1.46108
2888,DH97,54.779259,-1.578053
2889,DH98,54.934641,-1.615103
2890,DH99,54.786173,-1.557144
2891,DN55,53.512922,-1.125721
2892,E77,51.513948,-0.069129
2893,E98,51.513678,-0.060885
2894,EC1P,51.524503,-0.112088
2895,EC4P,51.524503,-0.112088
2896,EC50,51.524503,-0.112088
2897,EH91,55.923228,-3.305118
2898,EH95,55.978621,-3.25352
2899,EH99,55.955591,-3.17611
2900,FY0,53.754603,-3.00801
2901,G58,55.848424,-4.277233
2902,G70,55.949409,-3.988955
2903,G75,55.729059,-4.186465
2904,G79,55.771004,-4.223076
2905,G9,55.868635,-4.241903
2906,G90,55.872226,-4.233913
2907,GU95,51.326293,-0.763075
2908,IP98,52.376705,1.116422
2909,KY99,56.059361,-3.444143
2910,L67,53.42897,-2.958583
2911,L68,53.473055,-2.96069
2912,L71,53.439492,-2.971429
2913,L72,53.4803,-2.988368
2914,L73,53.406399,-2.975554
2915,L74,53.393801,-2.988061
2916,L75,53.438613,-2.985222
2917,LE21,52.632649,-1.125237
2918,LE41,52.654113,-1.121497
2919,LE55,52.690357,-1.290318
2920,LE87,52.596957,-1.154074
2921,LE94,52.483686,-0.905523
2922,LE95,52.606176,-1.19056
2923,LS88,53.750785,-1.538965
2924,LS98,53.778778,-1.525004
2925,LS99,53.78669,-1.592793
2926,M50,53.479393,-2.304275
2927,M99,53.484512,-2.234866
2928,MK77,52.042089,-0.81887
2929,N1P,51.538425,-0.103278
2930,NE82,54.938084,-1.615518
2931,NE83,54.934641,-1.615103
2932,NE85,54.921656,-1.554823
2933,NE88,54.941776,-1.614988
2934,NE92,54.941776,-1.614988
2935,NE98,54.972045,-1.598706
2936,NG70,53.154588,-1.186926
2937,NG80,52.916642,-1.159018
2938,NG90,52.927165,-1.191062
2939,NW1W,51.530784,-0.13543
2940,OL95,53.556338,-2.105401
2941,PH37,56.816195,-5.528405
2942,PL95,50.364357,-4.104633
2943,PR0,53.758805,-2.683907
2944,PR11,53.778126,-2.685436
2945,S49,53.234341,-1.435594
2946,S96,53.403018,-1.427504
2947,S97,53.456228,-1.382546
2948,S98,53.386626,-1.455184
2949,S99,53.404294,-1.430992
2950,SA80,51.647958,-3.924033
2951,SA99,51.669997,-3.945445
2952,SE1P,51.492762,-0.080152
2953,SL95,51.497866,-0.532544
2954,SN38,51.562764,-1.795298
2955,SN99,51.556458,-1.755879
2956,SS22,51.55698,0.706823
2957,SS99,51.561368,0.608499
2958,ST55,53.014751,-2.241151
2959,SW99,51.472256,-0.115797
2960,TR93,50.129387,-5.50275
2961,UB18,51.500719,-0.402684
2962,WA55,53.401776,-2.619046
2963,WA88,53.367973,-2.768674
2964,WR78,52.197683,-2.223496
2965,WR99,52.201033,-2.214399
2966,YO90,53.9601,-1.089339
2967,YO91,53.976598,-1.070367
2968,E20,51.538611,-0.016389
2969,B99,52.495953,-1.894214
2970,BB94,53.915243,-2.138033
2971,BD97,53.850509,-1.837421
2972,BD98,53.837717,-1.780013
2973,BD99,53.79447,-1.766539
2974,SL60,51.518556,-0.714794
2975,WF90,0,0
2976,N81,0,0
2977,SW95,0,0
2978,RH77,0,0
2979,WD99,0,0
2980,CR90,0,0
2981,SY99,0,0
2982,M61,0,0
2983,SO97,0,0
2984,ME99,0,0
2985,CR44,0,0
2986,PE99,0,0
2987,CM92,0,0
2988,CM98,0,0
2989,AB99,0,0
2990,NW26,0,0
2991,NR99,0,0
2992,N1C,0,0
2993,CA99,54.890923,-2.943847
2994,IV99,57.481338,-4.223951
2995,BN91,0,0
2997,SO25,0,0
2998,DL98,0,0
2999,EN77,0,0
3000,WV99,0,0
3001,WV98,0,0
3002,S95,0,0
3003,PA80,0,0
3004,L80,0,0
3005,BS0,0,0
